{"hyper_params": {"dtw_inertia": false, "init": "k-means++", "max_iter": 50, "max_iter_barycenter": 100, "metric": "euclidean", "metric_params": null, "n_clusters": 10, "n_init": 1, "n_jobs": null, "random_state": null, "tol": 1e-06, "verbose": 0}, "model_params": {"cluster_centers_": [[[165.1754607012658], [153.80132683544304], [152.89706818481014], [149.6124236759494], [156.24052568354432], [168.51070031898732], [166.95710768860755], [138.31973788354432], [83.82958328101266], [41.787149845569616], [38.78789724303795], [75.15253337974686], [110.33748092405068], [148.244018321519], [174.56098809113917], [184.219187121519], [186.58171311139242], [188.2333412], [189.07598033417725], [188.86898734177214], [188.55443037974683], [188.16957667088607], [187.08016560253168], [186.4504588]], [[388.71977130645166], [386.7514320080645], [384.1060328346775], [380.62375679435485], [385.227492717742], [389.3184566572581], [389.9672984919355], [377.4200779959677], [302.3464088629031], [182.4295169596774], [93.3920662903226], [57.39260213306453], [56.462112008064516], [92.3852161169355], [159.30682447580645], [247.54230637903234], [327.70869138709685], [379.02594850403227], [390.0640991370968], [391.14415322580646], [391.14415322580646], [391.14415322580646], [390.6328310483871], [386.36363477822573]], [[175.2563550834455], [175.3995299138627], [173.38824445087482], [171.3911923781965], [171.73077025168234], [174.17375809421267], [168.3098316864065], [150.6491078936743], [150.08193895154773], [161.38312014266486], [171.3184964239569], [170.723480230148], [172.02003533243604], [171.62203429878872], [176.1931252664872], [176.8619563001346], [177.61944818304173], [177.61944818304173], [177.61944818304173], [177.61944818304173], [177.61944818304173], [177.61944818304173], [177.61944818304173], [177.56009889771195]], [[439.19997886131387], [439.6158301751825], [436.5058171678832], [432.24757686131386], [431.4822697153285], [437.5214661313869], [413.1666584087591], [362.989902839416], [367.2565126715328], [400.8961151386862], [420.8023153649634], [421.4948497445256], [427.0568581094891], [431.2304566058395], [436.8628000437957], [440.57656622627735], [442.7879473576642], [443.75], [443.75], [443.75], [443.75], [443.75], [443.75], [443.47056808029197]], [[174.83073306386865], [176.42582545437958], [173.92113458576645], [168.4037065237227], [161.08597679744528], [170.63033929197076], [172.8866794908759], [160.76702118795623], [118.39801954014595], [73.73530260766425], [42.71887694708029], [29.41066752189781], [22.92430770620438], [22.052121346715335], [31.797085651459856], [67.88899188686132], [110.64861328832117], [159.84133347080294], [179.87455076094892], [182.92043177007298], [183.1683394160584], [183.1683394160584], [182.8907656989051], [179.28400918248173]], [[259.8080187840375], [254.3196264976525], [250.23298318544605], [247.24889997183092], [251.16201993661966], [261.73233168075126], [256.50648028169024], [220.2158336478873], [192.24586031455394], [187.3233759037559], [201.63714101877935], [224.408345197183], [244.83586647183105], [260.59068465023483], [270.38053226525824], [274.35458330046947], [275.9048034530516], [276.4166666666667], [277.0], [277.2916666666667], [277.2916666666667], [277.2916666666667], [277.2916666666667], [277.0640381948357]], [[125.50381229333333], [86.72321542333331], [59.960594473333344], [34.56250412333332], [32.325755846666674], [72.81371459000005], [130.9207997766667], [111.06291695000003], [47.467284123333336], [17.23370260333333], [16.461741906666667], [15.936900593333332], [16.246435696666666], [19.435367816666666], [28.237314666666656], [44.04912550000002], [76.22834760666665], [156.37603198999997], [211.09759357], [210.8708998633333], [207.59401713666668], [203.83805709333333], [185.8391792], [150.33334714333333]], [[358.08189189499996], [358.49762562999996], [355.025207775], [347.97586477749996], [348.20648077749996], [357.3524978475001], [344.4223030175001], [294.37271754], [256.5566628699998], [259.60564469499997], [287.0257499224999], [322.31717534750004], [344.92136424500006], [354.3258486925001], [361.7820044375], [363.765102285], [365.04796925750003], [365.428125], [365.428125], [365.428125], [365.428125], [365.428125], [365.428125], [364.591245245]], [[291.0625525454546], [293.9738250000001], [290.7724428], [265.98120180000006], [248.98698473636364], [255.064962309091], [210.90032512727277], [66.9488682], [13.527168390909091], [15.08290699090909], [16.030341254545455], [21.798636454545452], [22.39366806363637], [35.37071911818182], [84.2064273909091], [145.5809796727273], [222.81480714545458], [317.52313873636365], [344.81393449090916], [350.00922966363635], [348.8572218], [350.15909090909093], [339.78296147272715], [313.3899958272728]], [[283.36799109909913], [272.2873767657658], [252.50497623123132], [238.83052085285289], [236.44014075975977], [270.8853719009011], [303.96309140240237], [306.3229222102102], [187.021895063063], [91.11352406606609], [50.20203489789789], [32.43498764564565], [25.561997825825816], [35.770701741741775], [55.93501391891893], [97.59584208108105], [155.43490158558552], [256.93916857057053], [308.9919085855855], [313.60602906906905], [313.9287453423423], [313.95645645645646], [311.1742055255255], [300.2842425105106]]], "inertia_": 74945.5589431413,