{"market_inputs": [177.4999997325828, 26.624999959887422, 86.96282500283463, 15.999999699622744, 31.999999702776282, 25.19465391393158, 2.33851663671231, 0.11110000098605034, 2.499999953312715, 5.000000240637918, 1.993745486385813e-06, 25.19232276373661, 147.0], "revenue_surrogate": 28.774143147750024, "reveneu_rankine": 28.77414315643838, "scaled_dispatch_zones": [5947.965920051075, 1070.6878489155831, 1.9973315239657587e-08, 258.51131361194933, 28.139728946496014, 31.382242619414633, 0.0007267257475204112, 43.342696466190276, 93.79215832719471, 60.529259699872846, 1201.6481046165036], "dispatch_zones": [7361.781597139571, 1325.187502479841, 2.47209186454711e-08, 319.9587651948892, 34.82846766294707, 38.84171821054952, 0.0008994698925541038, 53.64514012085429, 116.08630486625485, 74.9169037174274, 1487.2766625951783], "operating_cost": [767.5244624936863, 1379.9662915205067, 1769.8119490319953, 2146.0299926182142, 2509.496732573247, 2861.014922167775, 3201.3213169404808, 3531.0933205421884, 3850.9548433658133, 4313.412019450373], "capital_cost": 408.5693298880282, "total_revenue": 575.4828631287676, "total_cost": 554.6629604815207, "net_revenue": 20.819902647246863, "opex_per_year": 7.304681529674626, "pmax": 177.4999997325828}