{"hyper_params": {"dtw_inertia": false, "init": "k-means++", "max_iter": 50, "max_iter_barycenter": 100, "metric": "euclidean", "metric_params": null, "n_clusters": 10, "n_init": 1, "n_jobs": null, "random_state": 0, "tol": 1e-06, "verbose": 0}, "model_params": {"cluster_centers_": [[[0.9833738281149296], [0.9713368805881691], [0.9624384486677934], [0.9559199864826289], [0.971382054853709], [0.9960336047076057], [1.0], [0.9869204282546477], [0.9173155682997184], [0.651934564922442], [0.39107776970366226], [0.2555242060559622], [0.19620436430272256], [0.20726474478197135], [0.32401923014835676], [0.6553214804807518], [0.9061541554839438], [0.9813890220732393], [0.9953189470129576], [1.0], [0.99915], [0.9966], [0.9931471033690141], [0.9763894584180279]], [[0.31306516011486385], [0.20405164857286096], [0.13806235824513413], [0.09127220646611066], [0.08148210312594023], [0.10650915300515064], [0.22953636218514942], [0.24415687120014548], [0.12341331381102144], [0.06468446601941756], [0.06404938059619865], [0.06853967185833457], [0.06404938059619865], [0.06684594468207312], [0.10596962846529015], [0.2227981704015679], [0.40238320697570507], [0.7061668593791876], [0.9562723011167327], [0.9958458042116779], [0.9944485751264871], [0.9954927249045079], [0.9268699769314922], [0.7790776130789919]], [[0.9555847326989874], [0.9482772780853757], [0.9338977883732212], [0.9149578878694621], [0.9227936728387459], [0.963768383810662], [0.8932888739529551], [0.7890103993777228], [0.8383224446846974], [0.8824263302678109], [0.9090822399391725], [0.9271354290008085], [0.9500355496105338], [0.9651364156105097], [0.9753897837252135], [0.9866999854732855], [0.9973477308780186], [0.9985783462833556], [1.0], [1.0], [1.0], [1.0], [0.9994537275064268], [0.9954426881407726]], [[0.5676151400060976], [0.4325141899136234], [0.29673997536654245], [0.20196855474747435], [0.2552171268898235], [0.554153961730789], [0.9077429852943926], [0.929210824949698], [0.44944728979533793], [0.21644102372294324], [0.15832245554051544], [0.13724523990488352], [0.1269429434497893], [0.1311135946865025], [0.13994141015141315], [0.22446180875312444], [0.3691548535764078], [0.7733775979066322], [0.9711031162977868], [0.9978354978354979], [0.9977157393329675], [0.9858518973477225], [0.9281090879921955], [0.7799640534934863]], [[0.658004554599949], [0.44743149478179906], [0.29217700336364116], [0.19275673174857838], [0.19286127262375907], [0.27294587951348004], [0.29506652871377304], [0.2378897534494162], [0.17522613950753724], [0.1729531567623459], [0.2416275790368649], [0.394950736255621], [0.5909616103191302], [0.7800639090747017], [0.924324437889899], [0.9881394286341396], [0.9941446641278896], [0.9956481383015392], [0.9947251945325964], [1.0], [1.0], [0.9991033755274261], [0.9890690419563798], [0.9719869017618511]], [[0.9921415992407157], [0.9911989041080592], [0.9895315727206649], [0.9514962288833776], [0.9319988082435697], [0.9383140460274827], [0.7799534081044405], [0.40686758761624037], [0.19343470644767796], [0.2953855793639355], [0.5906810365610723], [0.8651468070357026], [0.981957893483693], [0.9956895507594403], [0.9987576014973562], [1.0], [0.9984463551878715], [1.0], [0.9983388704318937], [1.0], [1.0], [1.0], [0.9998030843666651], [0.9949687580927424]], [[0.9701376509975346], [0.9780519652946441], [0.9599176617130654], [0.9549780073258278], [0.9617902125231209], [0.9829088959090552], [0.8713787692150674], [0.5989686599714232], [0.2890380175087536], [0.13821333912352557], [0.11878129960337236], [0.15685238799503787], [0.32847867067816056], [0.6007570825531118], [0.8648895331323502], [0.981899416260775], [0.9911910020550506], [0.9984547951826903], [0.9998761998649646], [1.0], [1.0], [1.0], [0.9998030195110461], [0.9854192284604394]], [[0.25964922923466727], [0.20482152452045616], [0.16322865075788068], [0.09713689742901861], [0.08196156440867432], [0.13565076471719215], [0.25115732161412907], [0.35354789334525655], [0.13149914409419486], [0.07936507936507946], [0.07936507936507946], [0.07936507936507946], [0.07936507936507946], [0.07430555555555565], [0.0734530108204785], [0.09047776443103071], [0.1760637166629407], [0.4888065225665103], [0.8722006076011628], [0.8568683332036665], [0.6607634676011626], [0.407465177241225], [0.15109036708249504], [0.04918261939190701]], [[0.8978529874749399], [0.9043585756718692], [0.9082830512917144], [0.8553353430998603], [0.7580772751820838], [0.7132325110861568], [0.5940587617865754], [0.26071178054942235], [0.10497186889988594], [0.10498130612231965], [0.11469978127141238], [0.1126743976183227], [0.10518200973734312], [0.10768679244385244], [0.1152191494480397], [0.17269689079939077], [0.3610917848293361], [0.6731322274609822], [0.8830844903387896], [0.9816963930186525], [0.9892165531899506], [0.9662971447024487], [0.8950100886905213], [0.7820311656794824]], [[0.9797102934248084], [0.9776205293051915], [0.9674104136341254], [0.9753431635664608], [0.9692357951910894], [0.9810680435992842], [0.9961028084889085], [0.9583084635247587], [0.5407043186031184], [0.1878837583970295], [0.09083008793790409], [0.08770809101900771], [0.08452734293232143], [0.08262446057817746], [0.08942915352139551], [0.15506102844182532], [0.4120144104534757], [0.7983518337764505], [0.9737919685696221], [0.9942533642762017], [0.9922839161494276], [0.9784218740707858], [0.9593111135515289], [0.9090263765381976]]], "inertia_": 0.802505002685201,