{"xm_inputs": [29.776119402985074, 276.43383084577135, 12.562189054726367, 746.2686567164179], "xstd_inputs": [10.139554920986082, 97.62504393716085, 2.4992263845982907, 249.9721526036455], "xmin": [-1.457274951231102, -1.530179396814679, -1.0251928638862369, -0.9851843661437768], "xmax": [1.5014347982381053, 1.506438954833065, 0.9754262200082648, 1.0150384378451032], "ws_mean": [0.028355490308022722, 0.09265149661528425, 0.05552836908354403, 0.03846885789631083, 0.020947176684881576, 0.12464997417285172, 0.08090694070630453, 0.008944349291792374, 0.06360275127096757, 0.019016937172063157, 0.22181442514204885, 0.005464480874316945, 0.025541690454829676, 0.026533996683250387, 0.035029769186852626, 0.032433461109751816, 0.04930266699290432, 0.02711850583149822, 0.02306772150178068, 0.020620939020743266], "ws_std": [0.0013249047582862947, 0.010898995257940934, 0.007771028448722414, 0.0029273152880184465, 0.0030267469844824798, 0.02913620640522904, 0.03178477631243026, 0.0013620395345540451, 0.009434097515774734, 0.00506110331861691, 0.005348346762065744, 5.204170427930421e-18, 0.0022443251847391933, 0.002608909951365224, 0.004750208786875147, 0.003961909480409334, 0.01033978054503973, 0.0016339047061214944, 0.010337975476582932, 0.0014135658343643167]}