{"xm_inputs": [310.625, 0.22500000000000006, 0.75, 6.2, 1.1666666666666667, 17.5, 1.1666666666666667, 69.48421227799999], "xstd_inputs": [99.22551650155317, 0.16770509831248423, 0.2041241452319315, 5.455272678794342, 0.6236095644623235, 8.539125638299666, 1.0274023338281628, 46.116623054969196], "xmin": [177.5, 0.0, 0.5, 1.0, 0.5, 5.0, 0.0, 0.0], "xmax": [443.75, 0.45, 1.0, 16.0, 2.0, 30.0, 2.5, 135.2230393], "zm_nstartups": 64.09868827160494, "zstd_nstartups": 120.11132566846028}