{"xm_inputs": [310.625, 0.22499999999993917, 0.75, 6.2, 1.1666666666666667, 17.5, 1.1666666666666667, 69.4842122780213], "xstd_inputs": [99.22551650155317, 0.1677050983125581, 0.2041241452319315, 5.45527267879495, 0.6236095644625115, 8.539125638299666, 1.0274023338285612, 46.11662305496301], "xmin": [177.5, 0.0, 0.5, 1.0, 0.5, 5.0, 0.0, 0.0], "xmax": [443.75, 0.45, 1.0, 16.0, 2.0, 30.0, 2.5, 135.2230393], "zm_revenue": 37.65526196534326, "zstd_revenue": 22.799865157799136}