{"R2": 0.9986605273605984, "CV": [0.85810396191606, 0.955363305241761, 0.9514629753976718, 0.9319799356220642, -0.0518108350065319]}