{"R2": 0.9940923402703257, "CV": [0.9949975773967423, 0.9949059896686283, 0.994782752231578, 0.9940498042849303, 0.9948204540108794]}