{"R2": 0.9981707440555092, "CV": [0.9786234319821397, 0.9884706254962166, 0.991956208055048, 0.9865875387236505, 0.6833036726378205]}