{"R2": 0.9980413030731689, "CV": [0.997178463618109, 0.9966794192413007, 0.9970616857259994, 0.996904548275991, 0.9973239819877697]}