{"xm_inputs": [310.625, 0.22500000000000006, 0.75, 6.2, 1.1666666666666667, 17.5, 1.1666666666666667, 69.48421227799999], "xstd_inputs": [99.22551650155317, 0.16770509831248423, 0.2041241452319315, 5.455272678794342, 0.6236095644623235, 8.539125638299666, 1.0274023338281628, 46.116623054969196], "xmin": [177.5, 0.0, 0.5, 1.0, 0.5, 5.0, 0.0, 0.0], "xmax": [443.75, 0.45, 1.0, 16.0, 2.0, 30.0, 2.5, 135.2230393], "zm_zones": [2705.1428240740743, 986.6129783950618, 64.19341049382716, 135.53672839506171, 83.43731481481481, 66.67058641975309, 185.1096450617284, 64.59567901234568, 119.82171296296296, 70.2336574074074, 4254.645462962963], "zstd_zones": [3094.27583981912, 937.840731816656, 39.51330745252373, 116.65557067514399, 85.16306991868579, 43.61879874523253, 191.20066102747435, 41.76154656442362, 97.28799515237972, 44.57555577594611, 2496.779245140424]}