{"0": {"wind_mw": 200.0, "batt_mw": 418.559421355775, "pem_mw": 0.0, "annual_rev_h2": 0.0, "annual_rev_E": 54455384.96020802, "NPV": 337143492.85466015, "h2_price": 2.0, "ts": 168, "model_creation": 10.227102093, "total_run_time": 10.846541285, "glpk_solved": true, "glpk_time": 0.07604026794433594}, "1": {"wind_mw": 200.0, "batt_mw": 321.034785827508, "pem_mw": 0.0, "annual_rev_h2": 0.0, "annual_rev_E": 44152108.50509149, "NPV": 295350879.58087915, "h2_price": 2.0, "ts": 365, "model_creation": 22.565321074, "total_run_time": 24.361077177, "glpk_solved": true, "glpk_time": 0.29007482528686523}, "2": {"wind_mw": 200.0, "batt_mw": 143.149084171223, "pem_mw": 0.0, "annual_rev_h2": 0.0, "annual_rev_E": 22951552.4203282, "NPV": 182012974.00978625, "h2_price": 2.0, "ts": 730, "model_creation": 56.751618744000005, "total_run_time": 61.781396346, "glpk_solved": true, "glpk_time": 1.1664800643920898}, "3": {"wind_mw": 200.0, "batt_mw": 494.64047987493905, "pem_mw": 0.0, "annual_rev_h2": 0.0, "annual_rev_E": 68645236.2967409, "NPV": 464578882.56682444, "h2_price": 2.0, "ts": 2190, "model_creation": 159.995087658, "total_run_time": 177.677626264, "glpk_solved": true, "glpk_time": 6.778639078140259}, "4": {"wind_mw": 200.0, "batt_mw": 324.62678196350504, "pem_mw": 0.0, "annual_rev_h2": 0.0, "annual_rev_E": 50356996.20501541, "NPV": 386687123.42588043, "h2_price": 2.0, "ts": 4380, "model_creation": 312.981436117, "total_run_time": 364.98402830899994, "glpk_solved": true, "glpk_time": 26.68927001953125}, "5": {"wind_mw": 200.0, "batt_mw": 153.409691778721, "pem_mw": 0.0, "annual_rev_h2": 0.0, "annual_rev_E": 27414275.18975275, "NPV": 238491890.31517622, "h2_price": 2.0, "ts": 8735, "model_creation": 633.4806102069999, "total_run_time": 827.1440544660001, "glpk_solved": true, "glpk_time": 127.84643912315369}, "6": {"wind_mw": 200.0, "batt_mw": 361.14784412427997, "pem_mw": 13.4813248475389, "annual_rev_h2": 4631235.156180253, "annual_rev_E": 46883219.542365424, "NPV": 338729194.01742554, "h2_price": 2.5, "ts": 168, "model_creation": 11.799959527000055, "total_run_time": 12.480773640000052, "glpk_solved": true, "glpk_time": 0.08746695518493652}, "7": {"wind_mw": 200.0, "batt_mw": 208.76221664202902, "pem_mw": 38.9442706064874, "annual_rev_h2": 12694164.595812896, "annual_rev_E": 27428068.717491668, "NPV": 304479382.57235426, "h2_price": 2.5, "ts": 365, "model_creation": 24.441055994999942, "total_run_time": 25.98988805099998, "glpk_solved": true, "glpk_time": 0.2866699695587158}, "8": {"wind_mw": 200.0, "batt_mw": 92.434677858154, "pem_mw": 58.1648153301144, "annual_rev_h2": 17070278.33084464, "annual_rev_E": 9479926.48924512, "NPV": 203533850.67188224, "h2_price": 2.5, "ts": 730, "model_creation": 48.630869402000144, "total_run_time": 52.11669004699979, "glpk_solved": true, "glpk_time": 0.7839443683624268}, "9": {"wind_mw": 200.0, "batt_mw": 495.779073731906, "pem_mw": 0.0, "annual_rev_h2": 0.0, "annual_rev_E": 68735062.59383903, "NPV": 464597217.63000226, "h2_price": 2.5, "ts": 2190, "model_creation": 173.87433210400013, "total_run_time": 191.3371939640001, "glpk_solved": true, "glpk_time": 7.625617027282715}, "10": {"wind_mw": 200.0, "batt_mw": 326.183930999839, "pem_mw": 0.0, "annual_rev_h2": 0.0, "annual_rev_E": 50480699.68909308, "NPV": 386725399.80393344, "h2_price": 2.5, "ts": 4380, "model_creation": 344.9974064219998, "total_run_time": 402.7558588610002, "glpk_solved": true, "glpk_time": 36.3066611289978}, "11": {"wind_mw": 200.0, "batt_mw": 145.31913325148, "pem_mw": 5.92876936557791, "annual_rev_h2": 1935996.8486417083, "annual_rev_E": 25499506.539990775, "NPV": 238863893.3356812, "h2_price": 2.5, "ts": 8735, "model_creation": 656.6090871819997, "total_run_time": 844.865351766, "glpk_solved": true, "glpk_time": 130.22636198997498}, "12": {"wind_mw": 200.0, "batt_mw": 164.906041144239, "pem_mw": 82.4438410931999, "annual_rev_h2": 28341485.78319656, "annual_rev_E": 18143141.169618044, "NPV": 384277043.2712287, "h2_price": 3.0, "ts": 168, "model_creation": 11.891305422000187, "total_run_time": 12.514272567999797, "glpk_solved": true, "glpk_time": 0.07731389999389648}, "13": {"wind_mw": 200.0, "batt_mw": 120.75525942216899, "pem_mw": 83.9687507647437, "annual_rev_h2": 28645420.660143074, "annual_rev_E": 13146863.287432266, "NPV": 362441200.28783417, "h2_price": 3.0, "ts": 365, "model_creation": 35.13801424900021, "total_run_time": 36.52965722299996, "glpk_solved": true, "glpk_time": 0.20708608627319336}, "14": {"wind_mw": 200.0, "batt_mw": 22.207109704952302, "pem_mw": 110.905659220763, "annual_rev_h2": 33684880.097385235, "annual_rev_E": -2738174.6115198648, "NPV": 269610206.8139881, "h2_price": 3.0, "ts": 730, "model_creation": 58.043725673000154, "total_run_time": 61.716844891000164, "glpk_solved": true, "glpk_time": 0.6541509628295898}, "15": {"wind_mw": 200.0, "batt_mw": 463.843268638778, "pem_mw": 13.481307158543101, "annual_rev_h2": 4463284.50777788, "annual_rev_E": 63468690.56163316, "NPV": 468566279.5187534, "h2_price": 3.0, "ts": 2190, "model_creation": 174.6476734329999, "total_run_time": 193.01565628400022, "glpk_solved": true, "glpk_time": 8.226306915283203}, "16": {"wind_mw": 200.0, "batt_mw": 271.355708518401, "pem_mw": 24.619509302157102, "annual_rev_h2": 8338534.7650169395, "annual_rev_E": 41185688.25769393, "NPV": 397645641.582337, "h2_price": 3.0, "ts": 4380, "model_creation": 360.8936617979998, "total_run_time": 415.1823037429999, "glpk_solved": true, "glpk_time": 31.997597217559814}, "17": {"wind_mw": 200.0, "batt_mw": 114.154213905685, "pem_mw": 38.696137723408604, "annual_rev_h2": 12312384.56244192, "annual_rev_E": 17302217.11668912, "NPV": 256441187.60568964, "h2_price": 3.0, "ts": 8735, "model_creation": 687.3456782500002, "total_run_time": 861.074122606, "glpk_solved": true, "glpk_time": 114.29599475860596}}