{"0": {"wind_mw": 200.0, "batt_mw": 418.547300677475, "pem_mw": 0.0005509783204396959, "annual_rev_h2": 141.4488682591564, "annual_rev_E": 54454317.46657719, "NPV": 337142864.8483575, "h2_price": 2.0, "ts": 168, "model_creation": 9.92680387001019, "model_vars": 3192, "total_run_time": 14.452861420926638, "ipopt_solved": true, "ipopt_its": 169, "ipopt_time": 3.9530000000000003, "ipopt_reg": "-"}, "1": {"wind_mw": 200.0, "batt_mw": 321.031256514922, "pem_mw": 0.0019020071893756441, "annual_rev_h2": 519.7937902191431, "annual_rev_E": 44153630.822561875, "NPV": 295383493.06831074, "h2_price": 2.0, "ts": 365, "model_creation": 22.453210334060714, "model_vars": 6935, "total_run_time": 62.8917992960196, "ipopt_solved": true, "ipopt_its": 261, "ipopt_time": 39.156, "ipopt_reg": "-"}, "2": {"wind_mw": 200.0, "batt_mw": 143.15393133980734, "pem_mw": 0.012803239950934197, "annual_rev_h2": 3520.4313346470576, "annual_rev_E": 22954311.75578113, "NPV": 182083089.0061376, "h2_price": 2.0, "ts": 730, "model_creation": 47.617250108974986, "model_vars": 13870, "total_run_time": 386.54546574805863, "ipopt_solved": true, "ipopt_its": 370, "ipopt_time": 335.858, "ipopt_reg": "-"}, "3": {"wind_mw": 200.0, "batt_mw": 495.4945991817962, "pem_mw": 0.004652462332005371, "annual_rev_h2": 1004.1641861619014, "annual_rev_E": 68780399.40072525, "NPV": 465645336.9142324, "h2_price": 2.0, "ts": 2190, "model_creation": 162.9623487830395, "model_vars": 41610, "total_run_time": 7622.638772037113, "ipopt_solved": true, "ipopt_its": 1147, "ipopt_time": 7446.686, "ipopt_reg": "-"}, "4": {"wind_mw": 200.0, "batt_mw": 26.46790566371033, "pem_mw": 20.255264586558667, "annual_rev_h2": 4330677.0870002825, "annual_rev_E": 15627760.808903363, "NPV": 242876268.85541886, "h2_price": 2.0, "ts": 4380, "model_creation": 408.5126948649995, "model_vars": 83220, "total_run_time": 13764.986703778966, "ipopt_solved": false, "ipopt_its": 44, "ipopt_time": 13305.557, "ipopt_reg": "-"}}