{"0": {"wind_mw": 200.0, "batt_mw": 418.5504985632595, "pem_mw": 2.4531092341138963e-05, "tank_kgH2": 0.0032283098173629264, "turb_mw": 4.767165725666463e-05, "avg_turb_eff": 0.3393704809578222, "annual_rev_h2": -56.93331177754825, "annual_rev_E": 54454708.39921367, "NPV": 337142802.79882383, "h2_price": 2.0, "ts": 168, "model_creation": 36.217846375, "model_vars": 47210, "total_run_time": 172.67878549199997, "ipopt_solved": true, "ipopt_its": 828, "ipopt_time": 107.10900000000001, "ipopt_reg": "-"}, "1": {"wind_mw": 200.0, "batt_mw": 321.0346115356051, "pem_mw": 8.664395190047854e-05, "tank_kgH2": 0.00615964317222765, "turb_mw": 5.055683611209577e-05, "avg_turb_eff": 0.33884642764853745, "annual_rev_h2": -39.916095621918736, "annual_rev_E": 44154327.311494455, "NPV": 295384477.95606637, "h2_price": 2.0, "ts": 365, "model_creation": 88.28412039800003, "model_vars": 102567, "total_run_time": 537.371253261, "ipopt_solved": true, "ipopt_its": 1057, "ipopt_time": 383.451, "ipopt_reg": "-15.5"}, "2": {"wind_mw": 200.0, "batt_mw": 143.15528770928327, "pem_mw": 0.0005955570689883035, "tank_kgH2": 0.012079978986017861, "turb_mw": 5.650574032523788e-05, "avg_turb_eff": 0.3378630477963169, "annual_rev_h2": 99.39527404769856, "annual_rev_E": 22956743.947991304, "NPV": 182086048.88813725, "h2_price": 2.0, "ts": 730, "model_creation": 169.618182842, "model_vars": 205132, "total_run_time": 576.0944960830001, "ipopt_solved": true, "ipopt_its": 654, "ipopt_time": 334.313, "ipopt_reg": "-17.2"}, "3": {"wind_mw": 200.0, "batt_mw": 498.6712160627066, "pem_mw": 0.00019897523029781134, "tank_kgH2": 0.03664134861794519, "turb_mw": 0.0001292292894303903, "avg_turb_eff": 0.33452608922661653, "annual_rev_h2": -39.74455565709672, "annual_rev_E": 69031470.7800552, "NPV": 465694595.78312314, "h2_price": 2.0, "ts": 2190, "model_creation": 370.87221417599994, "model_vars": 615392, "total_run_time": 2582.974027513, "ipopt_solved": true, "ipopt_its": 1296, "ipopt_time": 1922.424, "ipopt_reg": "-16.8"}}