{"1.5": {"batt": 2047.9767503900227, "pem": 7.652624635211321e-11, "h2_rev": 3.682557346887621e-07, "elec_rev": 5168878.087474455, "npv": 124260813.24084282}, "1.6666666666666667": {"batt": 2047.9767543783123, "pem": 1.1498302174503559e-09, "h2_rev": 5.875555107858287e-06, "elec_rev": 5168878.097642676, "npv": 124260816.58569765}, "1.8333333333333333": {"batt": 2047.976754419736, "pem": 9.706832044773705e-09, "h2_rev": 5.359440239781487e-05, "elec_rev": 5168878.096753887, "npv": 124260815.84971666}, "2.0": {"batt": 2047.9767503899975, "pem": 0.0, "h2_rev": 0.0, "elec_rev": 5168878.08715105, "npv": 124260812.98218632}, "2.1666666666666665": {"batt": 2047.9767543820826, "pem": 0.0, "h2_rev": 8.28594915355693e-09, "elec_rev": 5168878.090975, "npv": 124260811.24842882}, "2.333333333333333": {"batt": 2047.9767338994238, "pem": 0.0, "h2_rev": 0.0, "elec_rev": 5168878.0532193985, "npv": 124260805.64701748}, "2.5": {"batt": 1755.4035740036988, "pem": 67.42237322245728, "h2_rev": 445409.9463874396, "elec_rev": 4432532.94891847, "npv": 132886032.88405561}, "2.6666666666666665": {"batt": 1289.18487369411, "pem": 198.12376940667485, "h2_rev": 1307044.44074115, "elec_rev": 3197836.158266083, "npv": 181091339.72424793}, "2.833333333333333": {"batt": 1070.9581370799435, "pem": 295.5430175797859, "h2_rev": 1970197.3152118914, "elec_rev": 2507066.212824224, "npv": 262093861.44657946}, "3.0": {"batt": 824.5302139665978, "pem": 412.21920958815133, "h2_rev": 2725142.895297816, "elec_rev": 1744532.8337025677, "npv": 361559736.6168728}}