{"1.5": {"batt": 409.5953459934783, "pem": 0.0, "h2_rev": 9.684105518339979e-09, "elec_rev": 1033775.6066504641, "npv": 334852158.88089144}, "1.6666666666666667": {"batt": 409.59534598227816, "pem": 8.7273141264332e-12, "h2_rev": 6.263980057220904e-08, "elec_rev": 1033775.6064287241, "npv": 334852158.717109}, "1.8333333333333333": {"batt": 409.5953426841726, "pem": 0.0, "h2_rev": 0.0, "elec_rev": 1033775.6002970847, "npv": 334852157.773367}, "2.0": {"batt": 409.5953456040412, "pem": 0.0, "h2_rev": 0.0, "elec_rev": 1033775.6049451237, "npv": 334852157.9850157}, "2.1666666666666665": {"batt": 409.5953425551009, "pem": 0.0, "h2_rev": 0.0, "elec_rev": 1033775.6000856338, "npv": 334852157.75922596}, "2.333333333333333": {"batt": 409.5953427730065, "pem": 1.5184133272820655e-08, "h2_rev": 0.00010240962077887685, "elec_rev": 1033775.6003727464, "npv": 334852157.78436005}, "2.5": {"batt": 351.0807112913164, "pem": 13.484474509510394, "h2_rev": 89081.98836065442, "elec_rev": 886506.5809129475, "npv": 336577203.1842655}, "2.6666666666666665": {"batt": 257.83697216071647, "pem": 39.624753485021365, "h2_rev": 261408.88539226376, "elec_rev": 639567.225252487, "npv": 346218264.3650001}, "2.833333333333333": {"batt": 214.19162553807962, "pem": 59.108600629978795, "h2_rev": 394039.44578134944, "elec_rev": 501413.2457947156, "npv": 362418768.0309001}, "3.0": {"batt": 164.90604114452324, "pem": 82.44384109307725, "h2_rev": 545028.5727548515, "elec_rev": 348906.5632629765, "npv": 382311942.8263389}}