{"0": {"wind_mw": 200, "batt_mw": 409.5953423935, "pem_mw": 1.661e-07, "annual_rev_h2": 0.0430414896, "annual_rev_E": 53756331.026758835, "NPV": 334852155.61234874, "h2_price": 2, "ts": 168, "model_creation": 2.860805841, "model_vars": 3864, "total_run_time": 5.197628847, "ipopt_solved": true, "ipopt_its": 160, "ipopt_time": 1.74, "ipopt_reg": -6.4}, "1": {"wind_mw": 200, "batt_mw": 321.0347844259, "pem_mw": 6.391e-07, "annual_rev_h2": 0.1771307402, "annual_rev_E": 44154355.085859045, "NPV": 293518921.55109364, "h2_price": 2, "ts": 365, "model_creation": 5.95744884, "model_vars": 8395, "total_run_time": 43.314513471, "ipopt_solved": true, "ipopt_its": 240, "ipopt_time": 36.057, "ipopt_reg": -8.3}, "2": {"wind_mw": 200, "batt_mw": 143.1553367235, "pem_mw": 4.6202e-06, "annual_rev_h2": 1.2781697422, "annual_rev_E": 22956853.859872185, "NPV": 181116719.74170414, "h2_price": 2, "ts": 730, "model_creation": 11.991895807, "model_vars": 16790, "total_run_time": 54.928172334, "ipopt_solved": true, "ipopt_its": 418, "ipopt_time": 40.285, "ipopt_reg": -8.8}, "3": {"wind_mw": 200, "batt_mw": 498.6712262623, "pem_mw": 6.21658e-05, "annual_rev_h2": 14.0447644601, "annual_rev_E": 69031486.45239979, "NPV": 465696042.10173297, "h2_price": 2, "ts": 2190, "model_creation": 36.577020943, "model_vars": 50370, "total_run_time": 1669.454925969, "ipopt_solved": true, "ipopt_its": 1124, "ipopt_time": 1624.034, "ipopt_reg": -4.5}, "4": {"wind_mw": 200.0, "batt_mw": 35.723433655399845, "pem_mw": 0.02819656646214318, "annual_rev_h2": 4585.100955241393, "annual_rev_E": 23135922.662669074, "NPV": 313790488.93012166, "h2_price": 2.0, "ts": 4380, "model_creation": 607.706626269035, "model_vars": 83220, "total_run_time": 13236.86352163396, "ipopt_solved": false, "ipopt_its": 689, "ipopt_time": 12603.471000000001, "ipopt_reg": "-"}, "5": {"wind_mw": 200.0, "batt_mw": 85.94398595365907, "pem_mw": 0.008243108325970578, "annual_rev_h2": 2077.8080126672944, "annual_rev_E": 21953900.058323488, "NPV": 235299147.37148267, "h2_price": 2.0, "ts": 8736, "model_creation": 1704.2846899120486, "model_vars": 165984, "total_run_time": 14392.853950398974, "ipopt_solved": false, "ipopt_its": 1568, "ipopt_time": 12614.506, "ipopt_reg": "-"}, "6": {"wind_mw": 200.0, "batt_mw": 361.1914680761838, "pem_mw": 13.481324024040386, "annual_rev_h2": 4631234.6619918905, "annual_rev_E": 46886638.26739437, "NPV": 338729537.7067526, "h2_price": 2.5, "ts": 168, "model_creation": 40.92906747001689, "model_vars": 3192, "total_run_time": 43.04246366996085, "ipopt_solved": true, "ipopt_its": 171, "ipopt_time": 1.472, "ipopt_reg": "-"}, "7": {"wind_mw": 200.0, "batt_mw": 208.76219339894, "pem_mw": 38.94427452070757, "annual_rev_h2": 12694165.19199284, "annual_rev_E": 27430104.73675215, "NPV": 304510797.9513693, "h2_price": 2.5, "ts": 365, "model_creation": 90.32825633097673, "model_vars": 6935, "total_run_time": 102.97158959996887, "ipopt_solved": true, "ipopt_its": 210, "ipopt_time": 11.39, "ipopt_reg": "-"}, "8": {"wind_mw": 200.0, "batt_mw": 92.43464529103196, "pem_mw": 58.16480906152805, "annual_rev_h2": 17070279.613001533, "annual_rev_E": 9481557.340932943, "NPV": 203559058.86503834, "h2_price": 2.5, "ts": 730, "model_creation": 203.7697269800119, "model_vars": 13870, "total_run_time": 244.9491954999976, "ipopt_solved": true, "ipopt_its": 281, "ipopt_time": 38.562, "ipopt_reg": "-"}, "9": {"wind_mw": 200.0, "batt_mw": 498.67039163328934, "pem_mw": 0.0002346965593500396, "annual_rev_h2": 71.78941173433662, "annual_rev_E": 69031383.69814534, "NPV": 465696068.62076676, "h2_price": 2.5, "ts": 2190, "model_creation": 576.1221098490059, "model_vars": 41610, "total_run_time": 4649.576436343021, "ipopt_solved": true, "ipopt_its": 1456, "ipopt_time": 4058.306, "ipopt_reg": "-6.4"}, "10": {"wind_mw": 200.0, "batt_mw": 57.74165552227867, "pem_mw": 23.121823245279984, "annual_rev_h2": 6798083.122237454, "annual_rev_E": 21035132.709804576, "NPV": 322062816.837256, "h2_price": 2.5, "ts": 4380, "model_creation": 1152.9382000180194, "model_vars": 83220, "total_run_time": 13853.956993133994, "ipopt_solved": false, "ipopt_its": 256, "ipopt_time": 12663.743, "ipopt_reg": "-"}, "11": {"wind_mw": 200.0, "batt_mw": 152.26497841870946, "pem_mw": 5.836988934183132, "annual_rev_h2": 1904792.1891928636, "annual_rev_E": 26206048.438604064, "NPV": 241088619.2425548, "h2_price": 2.5, "ts": 8736, "model_creation": 2360.3491243420285, "model_vars": 165984, "total_run_time": 4826.000804890005, "ipopt_solved": true, "ipopt_its": 4507, "ipopt_time": 2413.968, "ipopt_reg": "-"}, "12": {"wind_mw": 200.0, "batt_mw": 164.90605234220018, "pem_mw": 82.44383647923392, "annual_rev_h2": 28341484.213374853, "annual_rev_E": 18143142.759408053, "NPV": 384277037.6622459, "h2_price": 3.0, "ts": 168, "model_creation": 49.279835986031685, "model_vars": 3192, "total_run_time": 50.96371367399115, "ipopt_solved": true, "ipopt_its": 116, "ipopt_time": 1.0159999999999998, "ipopt_reg": "-"}, "13": {"wind_mw": 200.0, "batt_mw": 120.75796251452019, "pem_mw": 83.96874918698238, "annual_rev_h2": 28645419.63253986, "annual_rev_E": 13148075.043886784, "NPV": 362456622.20138043, "h2_price": 3.0, "ts": 365, "model_creation": 123.87461563997203, "model_vars": 6935, "total_run_time": 158.75034749205224, "ipopt_solved": true, "ipopt_its": 166, "ipopt_time": 33.527, "ipopt_reg": "-"}, "14": {"wind_mw": 200.0, "batt_mw": 22.207124193265944, "pem_mw": 110.9056472414508, "annual_rev_h2": 33684876.16184987, "annual_rev_E": -2738001.1851693215, "NPV": 269612821.6086443, "h2_price": 3.0, "ts": 730, "model_creation": 217.36072989198146, "model_vars": 13870, "total_run_time": 238.88088105298812, "ipopt_solved": true, "ipopt_its": 132, "ipopt_time": 18.857999999999997, "ipopt_reg": "-"}, "15": {"wind_mw": 200.0, "batt_mw": 463.92088574334895, "pem_mw": 13.481168932949664, "annual_rev_h2": 4463281.889352457, "annual_rev_E": 63514030.49529341, "NPV": 469172226.55968034, "h2_price": 3.0, "ts": 2190, "model_creation": 650.2044503570069, "model_vars": 41610, "total_run_time": 2391.0467655619723, "ipopt_solved": true, "ipopt_its": 1177, "ipopt_time": 1730.291, "ipopt_reg": "-5.0"}, "16": {"wind_mw": 200.0, "batt_mw": 280.5774949947778, "pem_mw": 24.619464732363067, "annual_rev_h2": 8320937.44285476, "annual_rev_E": 42007762.11027892, "NPV": 398980355.159858, "h2_price": 3.0, "ts": 4380, "model_creation": 1273.9741026530392, "model_vars": 83220, "total_run_time": 13864.683679911017, "ipopt_solved": true, "ipopt_its": 4441, "ipopt_time": 12564.441, "ipopt_reg": "-12.1"}, "17": {"wind_mw": 200.0, "batt_mw": 75.66353957630746, "pem_mw": 39.489065411297055, "annual_rev_h2": 12582829.376295391, "annual_rev_E": 14124400.549489664, "NPV": 256521187.8421176, "h2_price": 3.0, "ts": 8736, "model_creation": 2616.073271784, "model_vars": 165984, "total_run_time": 15292.080161969003, "ipopt_solved": false, "ipopt_its": 2301, "ipopt_time": 12605.047999999999, "ipopt_reg": "-"}}