{"0": {"h2_price": 2, "batt_mw": 409.595345604, "pem_mw": 0.0, "h2_rev": 0.0, "elec_rev": 1033775.6049451237, "NPV": 334852157.9850157, "ts": 168, "model_creation": 20.930029269, "model_vars": 3864, "total_run_time": 23.659840671, "ipopt_solved": true, "ipopt_its": 720, "ipopt_time": 2.01, "ipopt_reg": "-9.0", "wind_mw": null, "annual_rev_h2": null, "annual_rev_E": null}, "1": {"h2_price": 2, "batt_mw": 321.0347858313, "pem_mw": 0.0, "h2_rev": 0.0, "elec_rev": 1844819.1085424821, "NPV": 293518923.48533267, "ts": 365, "model_creation": 42.245682013, "model_vars": 8395, "total_run_time": 46.958338422, "ipopt_solved": true, "ipopt_its": 652, "ipopt_time": 2.908, "ipopt_reg": "-", "wind_mw": null, "annual_rev_h2": null, "annual_rev_E": null}, "2": {"h2_price": 2, "batt_mw": 143.1553380363, "pem_mw": 8e-09, "h2_rev": 0.0002110483, "elec_rev": 1918326.9332690132, "NPV": 181116722.31722966, "ts": 730, "model_creation": 86.79694655, "model_vars": 16790, "total_run_time": 117.920211158, "ipopt_solved": true, "ipopt_its": 2415, "ipopt_time": 27.478, "ipopt_reg": "-5.3", "wind_mw": null, "annual_rev_h2": null, "annual_rev_E": null}, "3": {"h2_price": 2, "batt_mw": 498.671131759, "pem_mw": 7.66611e-05, "h2_rev": null, "elec_rev": null, "NPV": 465695997.34767914, "ts": 2190, "model_creation": 38.057535403, "model_vars": 50370, "total_run_time": 533.760836455, "ipopt_solved": true, "ipopt_its": 1010, "ipopt_time": 478.887, "ipopt_reg": "-4.5", "wind_mw": 200.0, "annual_rev_h2": 17.6748135311, "annual_rev_E": 69031474.09493311}, "4": {"wind_mw": 200.0, "batt_mw": 24.21903349665783, "pem_mw": 0.06055445003118647, "annual_rev_h2": 11423.272179401523, "annual_rev_E": 21765375.64473194, "NPV": 306521828.55385303, "h2_price": 2.0, "ts": 4380, "model_creation": 63.539409856, "model_vars": 87600, "total_run_time": 3734.808266156, "ipopt_solved": false, "ipopt_its": 480, "ipopt_time": 3602.011, "ipopt_reg": "-"}, "5": {"wind_mw": 200.0, "batt_mw": 2.378095097495467, "pem_mw": 0.8990312001412708, "annual_rev_h2": 235454.14176042652, "annual_rev_E": 13889046.25119021, "NPV": 213406158.1206637, "h2_price": 2.0, "ts": 8735, "model_creation": 126.60161559399967, "model_vars": 174700, "total_run_time": 4386.231449054, "ipopt_solved": false, "ipopt_its": 113, "ipopt_time": 4177.643999999999, "ipopt_reg": "-5.4"}, "6": {"wind_mw": 200.0, "batt_mw": 361.1914498154095, "pem_mw": 13.481323703714253, "annual_rev_h2": 4631234.544216591, "annual_rev_E": 46886636.86014113, "NPV": 338729536.63391626, "h2_price": 2.5, "ts": 168, "model_creation": 3.418196031999287, "model_vars": 3360, "total_run_time": 5.468165549000332, "ipopt_solved": true, "ipopt_its": 172, "ipopt_time": 0.93, "ipopt_reg": "-"}, "7": {"wind_mw": 200.0, "batt_mw": 208.76218055526607, "pem_mw": 38.94427352519892, "annual_rev_h2": 12694164.838156963, "annual_rev_E": 27430103.849977538, "NPV": 304510795.8627861, "h2_price": 2.5, "ts": 365, "model_creation": 8.22201387199948, "model_vars": 7300, "total_run_time": 32.15728053700059, "ipopt_solved": true, "ipopt_its": 206, "ipopt_time": 21.922, "ipopt_reg": "-"}, "8": {"wind_mw": 200.0, "batt_mw": 92.43461868917073, "pem_mw": 58.164807638821515, "annual_rev_h2": 17070279.119956497, "annual_rev_E": 9481555.415849661, "NPV": 203559055.8315003, "h2_price": 2.5, "ts": 730, "model_creation": 24.348774571999456, "model_vars": 14600, "total_run_time": 39.66937400400002, "ipopt_solved": true, "ipopt_its": 318, "ipopt_time": 11.184, "ipopt_reg": "-"}, "9": {"wind_mw": 200.0, "batt_mw": 498.67086670716236, "pem_mw": 0.00015067392127977996, "annual_rev_h2": 45.34087067761324, "annual_rev_E": 69031316.18425478, "NPV": 465694187.0839536, "h2_price": 2.5, "ts": 2190, "model_creation": 39.60282512900085, "model_vars": 43800, "total_run_time": 2233.0505729200013, "ipopt_solved": true, "ipopt_its": 1528, "ipopt_time": 2167.247, "ipopt_reg": "-9.2"}, "10": {"wind_mw": 200.0, "batt_mw": 152.26643711403915, "pem_mw": 13.429996060866253, "annual_rev_h2": 4130431.848832355, "annual_rev_E": 31904032.79633343, "NPV": 350850754.5400454, "h2_price": 2.5, "ts": 4380, "model_creation": 73.40785192899966, "model_vars": 87600, "total_run_time": 3723.5258356879986, "ipopt_solved": false, "ipopt_its": 487, "ipopt_time": 3604.1040000000003, "ipopt_reg": "-"}}