{"0": {"wind_mw": 200.0, "batt_mw": 418.5504985632595, "pem_mw": 2.4531092341138963e-05, "tank_kgH2": 0.0032283098173629264, "turb_mw": 4.767165725666463e-05, "avg_turb_eff": 0.3393704809578222, "annual_rev_h2": -56.93331177754825, "annual_rev_E": 54454708.39921367, "NPV": 337142802.79882383, "h2_price": 2.0, "ts": 168, "model_creation": 41.332751306000006, "model_vars": 47210, "total_run_time": 187.837790358, "ipopt_solved": true, "ipopt_its": 828, "ipopt_time": 119.059, "ipopt_reg": "-"}, "1": {"wind_mw": 200.0, "batt_mw": 361.19143066166606, "pem_mw": 13.481322061090594, "tank_kgH2": 0.0032299848845050525, "turb_mw": 4.724106989410145e-05, "avg_turb_eff": 0.33943228016794486, "annual_rev_h2": 4631154.436162598, "annual_rev_E": 46886641.232616425, "NPV": 338728344.4737469, "h2_price": 2.5, "ts": 168, "model_creation": 49.196570745, "model_vars": 47210, "total_run_time": 207.15811649900002, "ipopt_solved": true, "ipopt_its": 845, "ipopt_time": 128.97, "ipopt_reg": "-"}, "2": {"wind_mw": 200.0, "batt_mw": 164.90605933682244, "pem_mw": 82.44383230771454, "tank_kgH2": 0.0032293520577601088, "turb_mw": 4.710688490366463e-05, "avg_turb_eff": 0.3394860174804848, "annual_rev_h2": 28341387.673624218, "annual_rev_E": 18143149.4943545, "NPV": 384275601.5076925, "h2_price": 3.0, "ts": 168, "model_creation": 45.65911783500002, "model_vars": 47210, "total_run_time": 214.019980998, "ipopt_solved": true, "ipopt_its": 1072, "ipopt_time": 143.867, "ipopt_reg": "-"}}