{"0": {"wind_mw": 200, "batt_mw": 418.5504985633, "pem_mw": 2.45311e-05, "tank_kgH2": 0.0032283895, "turb_mw": 4.76717e-05, "avg_turb_eff": 0.3393704758, "annual_rev_h2": -56.9332968313, "annual_rev_E": 54454708.3995816, "NPV": 337142802.8045913, "h2_price": 2, "ts": 168, "model_creation": 27.036845146, "model_vars": 47210, "total_run_time": 160.2627408881, "ipopt_solved": true, "ipopt_its": 822, "ipopt_time": 123.722, "ipopt_reg": "-"}, "1": {"wind_mw": 200, "batt_mw": 321.0346115356, "pem_mw": 8.6644e-05, "tank_kgH2": 0.0061688899, "turb_mw": 5.05568e-05, "avg_turb_eff": 0.3388463503, "annual_rev_h2": -39.9161091623, "annual_rev_E": 44154327.3101138, "NPV": 295384477.9256004, "h2_price": 2, "ts": 365, "model_creation": 58.642526183, "model_vars": 102567, "total_run_time": 389.829756535, "ipopt_solved": true, "ipopt_its": 943, "ipopt_time": 310.092, "ipopt_reg": "-"}, "2": {"wind_mw": 200, "batt_mw": 143.1552877093, "pem_mw": 0.0005955571, "tank_kgH2": 0.0120813361, "turb_mw": 5.65057e-05, "avg_turb_eff": 0.3378630905, "annual_rev_h2": 99.3952708164, "annual_rev_E": 22956743.947766636, "NPV": 182086048.8832971, "h2_price": 2, "ts": 730, "model_creation": 121.530599879, "model_vars": 205132, "total_run_time": 632.515544772, "ipopt_solved": true, "ipopt_its": 686, "ipopt_time": 467.798, "ipopt_reg": "-16.4"}, "3": {"wind_mw": 200, "batt_mw": 498.6712160659, "pem_mw": 0.0001989752, "tank_kgH2": 0.0366254679, "turb_mw": 0.0001292293, "avg_turb_eff": 0.3345258466, "annual_rev_h2": -39.7445428891, "annual_rev_E": 69031470.78301133, "NPV": 465694595.8404603, "h2_price": 2, "ts": 2190, "model_creation": 361.993759546, "model_vars": 615392, "total_run_time": 3492.990356096, "ipopt_solved": true, "ipopt_its": 1210, "ipopt_time": 2930.124, "ipopt_reg": "-16.8"}, "4": {"wind_mw": 200.0, "batt_mw": 310.6925414796364, "pem_mw": 0.06782609812476069, "tank_kgH2": 8.364112899891758, "turb_mw": 0.026019941820371144, "avg_turb_eff": 0.318443012409181, "annual_rev_h2": 5102.438913966639, "annual_rev_E": 49306462.13990492, "NPV": 387148468.4856098, "h2_price": 2.0, "ts": 4380, "model_creation": 2510.8659779200098, "model_vars": 1213262, "total_run_time": 15528.80157801701, "ipopt_solved": false, "ipopt_its": 2045, "ipopt_time": 12602.454999999998, "ipopt_reg": "-"}, "5": {"wind_mw": 200.0, "batt_mw": 12.958370932560603, "pem_mw": 25.949807403282055, "tank_kgH2": 752.940073481018, "turb_mw": 16.224108604982725, "avg_turb_eff": 0.3323276325002375, "annual_rev_h2": -3466490.9045971804, "annual_rev_E": 11698942.015360374, "NPV": 52097151.07533488, "h2_price": 2.0, "ts": 8736, "model_creation": 8938.560399484995, "model_vars": 2419874, "total_run_time": 22499.219550191017, "ipopt_solved": false, "ipopt_its": 141, "ipopt_time": 12627.366, "ipopt_reg": "-7.0"}, "6": {"wind_mw": 200.0, "batt_mw": 361.1914670494404, "pem_mw": 13.48132412902419, "tank_kgH2": 0.003228450813468105, "turb_mw": 4.7240366282053016e-05, "avg_turb_eff": 0.3394326983146703, "annual_rev_h2": 4631155.171853337, "annual_rev_E": 46886643.707865626, "NPV": 338728346.9356362, "h2_price": 2.5, "ts": 168, "model_creation": 253.12261671799934, "model_vars": 46538, "total_run_time": 391.5851831290056, "ipopt_solved": true, "ipopt_its": 874, "ipopt_time": 127.989, "ipopt_reg": "-"}, "7": {"wind_mw": 200.0, "batt_mw": 208.76219338530842, "pem_mw": 38.944274525803976, "tank_kgH2": 0.006169195325287438, "turb_mw": 4.95139482050763e-05, "avg_turb_eff": 0.3390145546872988, "annual_rev_h2": 12694084.46487706, "annual_rev_E": 27430110.149416827, "NPV": 304509581.50052625, "h2_price": 2.5, "ts": 365, "model_creation": 556.2464490379789, "model_vars": 101107, "total_run_time": 899.8411130800378, "ipopt_solved": true, "ipopt_its": 916, "ipopt_time": 321.452, "ipopt_reg": "-"}, "8": {"wind_mw": 200.0, "batt_mw": 92.43463710876708, "pem_mw": 58.1648107605309, "tank_kgH2": 0.012073570605257856, "turb_mw": 5.4033102549598265e-05, "avg_turb_eff": 0.33823859439688425, "annual_rev_h2": 17070196.952769265, "annual_rev_E": 9481560.991259497, "NPV": 203557782.23581663, "h2_price": 2.5, "ts": 730, "model_creation": 1220.1260926900432, "model_vars": 202212, "total_run_time": 1898.6466496909852, "ipopt_solved": true, "ipopt_its": 764, "ipopt_time": 633.397, "ipopt_reg": "-"}, "9": {"wind_mw": 200.0, "batt_mw": 498.66930360772693, "pem_mw": 0.0006030477868872134, "tank_kgH2": 0.03665051609988146, "turb_mw": 8.444518671390058e-05, "avg_turb_eff": 0.33526521479357213, "annual_rev_h2": 89.60649147772652, "annual_rev_E": 69031222.66486628, "NPV": 465694446.14941394, "h2_price": 2.5, "ts": 2190, "model_creation": 2977.361209142022, "model_vars": 606632, "total_run_time": 7486.272926742036, "ipopt_solved": true, "ipopt_its": 1404, "ipopt_time": 4321.006, "ipopt_reg": "-18.5"}, "10": {"wind_mw": 200.0, "batt_mw": 330.58559725752554, "pem_mw": 0.003396085828307776, "tank_kgH2": 0.07368002724899603, "turb_mw": 0.00013580006476976322, "avg_turb_eff": 0.33024813552067617, "annual_rev_h2": 985.208072409368, "annual_rev_E": 50942612.73691359, "NPV": 388573106.7358585, "h2_price": 2.5, "ts": 4380, "model_creation": 6207.741853816027, "model_vars": 1213262, "total_run_time": 14110.997642497008, "ipopt_solved": true, "ipopt_its": 1533, "ipopt_time": 7494.941000000001, "ipopt_reg": "-18.2"}, "11": {"wind_mw": 200.0, "batt_mw": 13.053381243198636, "pem_mw": 38.5367086967654, "tank_kgH2": 756.1229440143471, "turb_mw": 6.269232122089074, "avg_turb_eff": 0.3227617286034301, "annual_rev_h2": 5387342.911939094, "annual_rev_E": 8244493.006621533, "NPV": 124648307.34248827, "h2_price": 2.5, "ts": 8736, "model_creation": 13089.895586848957, "model_vars": 2419874, "total_run_time": 26650.11365828506, "ipopt_solved": false, "ipopt_its": 192, "ipopt_time": 12604.784, "ipopt_reg": "-"}, "12": {"wind_mw": 200.0, "batt_mw": 164.90605232345462, "pem_mw": 82.44383647969657, "tank_kgH2": 0.002628403922413553, "turb_mw": 4.710741753841058e-05, "avg_turb_eff": 0.3394828713492684, "annual_rev_h2": 28341389.023434084, "annual_rev_E": 18143148.340824004, "NPV": 384275606.7322845, "h2_price": 3.0, "ts": 168, "model_creation": 300.3330063110916, "model_vars": 46538, "total_run_time": 512.7338031060062, "ipopt_solved": true, "ipopt_its": 1236, "ipopt_time": 201.62900000000002, "ipopt_reg": "-"}, "13": {"wind_mw": 200.0, "batt_mw": 120.75795984442475, "pem_mw": 83.96875010676447, "tank_kgH2": 0.0061667499003080885, "turb_mw": 4.915220413730237e-05, "avg_turb_eff": 0.33914034606033605, "annual_rev_h2": 28645323.568246476, "annual_rev_E": 13148080.043751694, "NPV": 362455165.029901, "h2_price": 3.0, "ts": 365, "model_creation": 666.1120323800715, "model_vars": 101107, "total_run_time": 1013.0490448530763, "ipopt_solved": true, "ipopt_its": 881, "ipopt_time": 323.145, "ipopt_reg": "-"}, "14": {"wind_mw": 200.0, "batt_mw": 22.20712419178993, "pem_mw": 110.90564724285841, "tank_kgH2": 0.012028300498436395, "turb_mw": 5.300936790950896e-05, "avg_turb_eff": 0.3384971339963581, "annual_rev_h2": 33684777.750834756, "annual_rev_E": -2737996.9920016364, "NPV": 269611304.5710242, "h2_price": 3.0, "ts": 730, "model_creation": 1528.1542614350328, "model_vars": 202212, "total_run_time": 2599.142369018984, "ipopt_solved": true, "ipopt_its": 1094, "ipopt_time": 1021.364, "ipopt_reg": "-"}, "15": {"wind_mw": 200.0, "batt_mw": 463.9208907227657, "pem_mw": 13.48124041390044, "tank_kgH2": 0.03661967246452059, "turb_mw": 7.151373528647054e-05, "avg_turb_eff": 0.33592608890627135, "annual_rev_h2": 4463194.782620118, "annual_rev_E": 63514022.613378815, "NPV": 469170532.7567904, "h2_price": 3.0, "ts": 2190, "model_creation": 3739.156010380015, "model_vars": 606632, "total_run_time": 9802.36950073298, "ipopt_solved": true, "ipopt_its": 1783, "ipopt_time": 5854.147, "ipopt_reg": "-18.3"}, "16": {"wind_mw": 200.0, "batt_mw": 239.94361679261112, "pem_mw": 38.81226917267877, "tank_kgH2": 27.092672279194375, "turb_mw": 0.05795187525173458, "avg_turb_eff": 0.3174479985697816,