{"0": {"wind_mw": 200.0, "batt_mw": 418.55066068779524, "pem_mw": 5.501699611045116e-06, "annual_rev_h2": 1.4121215352268426, "annual_rev_E": 54454719.92261627, "NPV": 337143767.0841619, "h2_price": 2.0, "ts": 168, "model_creation": 15.501004427089356, "model_vars": 3192, "total_run_time": 19.190152461989783, "ipopt_solved": true, "ipopt_its": 199, "ipopt_time": 3.098, "ipopt_reg": "-"}, "1": {"wind_mw": 200.0, "batt_mw": 321.0347545320575, "pem_mw": 1.8915180936543096e-05, "annual_rev_h2": 5.167092784835997, "annual_rev_E": 44154348.3508501, "NPV": 295385492.56000084, "h2_price": 2.0, "ts": 365, "model_creation": 34.79844714095816, "model_vars": 6935, "total_run_time": 58.975035254028626, "ipopt_solved": true, "ipopt_its": 301, "ipopt_time": 22.932, "ipopt_reg": "-"}, "2": {"wind_mw": 200.0, "batt_mw": 143.1553315009285, "pem_mw": 0.0001292691120020636, "annual_rev_h2": 35.56106432520454, "annual_rev_E": 22956829.735984504, "NPV": 182087163.04051572, "h2_price": 2.0, "ts": 730, "model_creation": 72.7906578789698, "model_vars": 13870, "total_run_time": 136.89350207999814, "ipopt_solved": true, "ipopt_its": 390, "ipopt_time": 61.616, "ipopt_reg": "-"}, "3": {"wind_mw": 200.0, "batt_mw": 498.6712672456539, "pem_mw": 4.983923674746493e-05, "annual_rev_h2": 10.891907071470417, "annual_rev_E": 69031494.75198533, "NPV": 465696092.3494934, "h2_price": 2.0, "ts": 2190, "model_creation": 249.61069808795583, "model_vars": 41610, "total_run_time": 4075.4301913420204, "ipopt_solved": true, "ipopt_its": 1514, "ipopt_time": 3814.987, "ipopt_reg": "-6.4"}}