{"mrg_csts": [5, 10, 15, 20, 25, 30], "revenue": [30.621217814141676, 30.50997225628203, 30.22643547591323, 27.496248158794614, 16.24401044643426, 3.206205766726427], "capacity_factor": [0.8132196337026328, 0.7934840548614155, 0.7778287431009978, 0.6703875129265613, 0.32186734923715854, 0.035369457466769366]}