{"market_inputs": [177.49999899053327, 0.15, 0.6351327899814971, 4.0, 1.0, 5.0, 1.0, 61.09068702], "revenue_surrogate": 30.611304125720277, "revenue_rankine": 30.611304133887195, "scaled_dispatch_zones": [196.76871964266684, 1182.176728168349, 43.16356457769411, 238.16838125596695, 0.0005037259338746218, 72.77558422209223, 292.404615499909, 57.35549241926173, 236.23853241013737, 56.33262175523641, 6360.615256322752], "dispatch_zones": [195.81738138560402, 1176.4611350082255, 42.95487718892352, 237.0168837358175, 0.0005012921959403354, 72.42372851262633, 290.9908963997799, 57.0781898363603, 235.09636533153733, 56.060264551846934, 6329.86292616181], "operating_cost": [177.49999899053327, 501.89361085815415, 905.4350741846883, 1163.810929405607, 1414.3186472963725, 1657.4641806798797, 1893.7110129662321, 2123.484522639656, 2347.1758203509407, 2565.145131498217, 2882.0903753177236], "capital_cost": 408.5693285695352, "total_revenue": 612.2260826777439, "total_cost": 823.3049071228788, "net_revenue": -211.07882444513496, "opex_per_year": 20.736778927667185, "nstartups_per_year": 1.1918707750884256, "start_cost_per_year": 1.2924166223333601e-08, "pmax": 177.49999899053327}