{"market_inputs": [177.49999907600662, 0.15, 0.6257350340599235, 4.0, 1.0, 18.850465455569665, 1.0, 61.09068702], "revenue_surrogate": 28.694351566486255, "revenue_rankine": 28.694351575198773, "scaled_dispatch_zones": [335.12660177230856, 1893.238938062893, 66.51043426185403, 307.3551628231271, 69.2812673690728, 49.36857357117203, 364.5001746074942, 62.58650250997027, 272.4082760899425, 45.85262551482855, 5269.771443417336], "dispatch_zones": [333.92848895344173, 1886.4704099040566, 66.2726524699697, 306.2563358169275, 69.03357955765097, 49.192075732647766, 363.19704817895365, 62.36274918645409, 271.43438787628605, 45.68869756008701, 5250.931456721363], "operating_cost": [177.49999907600662, 501.893613044152, 905.4350761936169, 1163.810931310883, 1414.3186491081037, 1657.4641824071227, 1893.7110146171199, 2123.4845242214888, 2347.175821870302, 2565.1451329610236, 2882.090376705569], "capital_cost": 408.56932872140703, "total_revenue": 573.8870315039754, "total_cost": 774.8942172868979, "net_revenue": -201.00718578292242, "opex_per_year": 18.316244428274548, "nstartups_per_year": 1.2943498609784565, "start_cost_per_year": 1.4035408126563561e-08, "pmax": 177.49999907600662}