{"cluster_95_dispatch": {"0": [0.4138134592680047, 0.6138134592680047], "1": [0.19539551357733176, 0.3953955135773317], "2": [0.5771319893742621, 0.9919716646989375], "3": [0.7652502668240849, 0.9109799291617474], "4": [0.5648410200708383, 0.9826446280991735], "5": [0.5004722550177095, 0.9004722550177097], "6": [0.612687171192444, 0.8484061393152302], "7": [0.3229634002361275, 0.5729634002361276], "8": [0.5800061275088548, 0.9532467532467532], "9": [0.6348131275088549, 0.9508854781582055], "10": [0.07933884297520662, 0.37933884297520665], "11": [0.5919716646989374, 0.5919716646989374], "12": [0.3025974025974026, 0.3025974025974026], "13": [0.5668453801652893, 0.9766233766233767], "14": [0.4643151003541913, 0.9798110979929161], "15": [0.2408500590318772, 0.2408500590318772], "16": [0.5988389634002361, 0.9676505312868949], "17": [0.509296494687131, 0.9774498229043683], "18": [0.22290436835891383, 0.4229043683589138], "19": [0.17863046044864228, 0.6786304604486422]}, "cluster_5_dispatch": {"0": [0.4138134592680047, 0.6138134592680047], "1": [0.19539551357733176, 0.3953955135773317], "2": [0.5771319893742621, 0.9919716646989375], "3": [0.7652502668240849, 0.9109799291617474], "4": [0.5648410200708383, 0.9826446280991735], "5": [0.5004722550177095, 0.9004722550177097], "6": [0.612687171192444, 0.8484061393152302], "7": [0.3229634002361275, 0.5729634002361276], "8": [0.5800061275088548, 0.9532467532467532], "9": [0.6348131275088549, 0.9508854781582055], "10": [0.07933884297520662, 0.37933884297520665], "11": [0.5919716646989374, 0.5919716646989374], "12": [0.3025974025974026, 0.3025974025974026], "13": [0.5668453801652893, 0.9766233766233767], "14": [0.4643151003541913, 0.9798110979929161], "15": [0.2408500590318772, 0.2408500590318772], "16": [0.5988389634002361, 0.9676505312868949], "17": [0.509296494687131, 0.9774498229043683], "18": [0.22290436835891383, 0.4229043683589138], "19": [0.17863046044864228, 0.6786304604486422]}, "median_dispatch": {"0": [0.0, 0.22255017709563163], "1": [0.0, 0.03671782762691854], "2": [0.45947299055489965, 0.976151121605667], "3": [0.5096221959858324, 0.9596221959858323], "4": [0.3217723766233766, 0.9863046044864227], "5": [0.17951593860684772, 0.4295159386068477], "6": [0.2564447508854782, 0.9546635182998819], "7": [0.0, 0.28158205430932703], "8": [0.10180655962219598, 0.9754427390791027], "9": [0.5073183412042503, 0.8304604486422668], "10": [0.05667060212514758, 0.05667060212514758], "11": [0.09822904368358915, 0.09822904368358915], "12": [0.0834710743801653, 0.0834710743801653], "13": [0.5234200212514758, 0.8948051948051948], "14": [0.40974025974025974, 0.6597402597402597], "15": [0.010979929161747344, 0.010979929161747344], "16": [0.43860684769775676, 0.9386068476977568], "17": [0.22290436835891383, 0.7229043683589138], "18": [0.0, 0.17969303423848876], "19": [0.0, 0.11062573789846518]}, "cluster_95_wind": {"0": [0.44946871310507674, 0.6494687131050768], "1": [0.13530106257378985, 0.33530106257378983], "2": [0.5761844462809917, 0.9846517119244392], "3": [0.5834502077922078, 0.9225501770956316], "4": [0.5142023825265644, 0.9804014167650531], "5": [0.20070838252656434, 0.6007083825265643], "6": [0.6187477449822905, 0.8369539551357733], "7": [0.16593860684769776, 0.4159386068476978], "8": [0.5808731617473436, 0.9646989374262102], "9": [0.6115408890200708, 0.912396694214876], "10": [0.0049586776859504135, 0.3049586776859504], "11": [0.5042502951593861, 0.5042502951593861], "12": [0.17904577449822903, 0.4361275088547816], "13": [0.526716106257379, 0.9443919716646989], "14": [0.28544303423848877, 0.978866587957497], "15": [0.21463990554899648, 0.21463990554899648], "16": [0.5975131251475797, 0.9829988193624557], "17": [0.4854089952774498, 0.9809917355371901], "18": [0.501703935064935, 0.947697756788666], "19": [0.0, 0.32420306965761514]}, "cluster_5_wind": {"0": [0.006729634002361275, 0.006729634002361275], "1": [0.0, 0.005548996458087367], "2": [0.4984708961038961, 0.9365997638724911], "3": [0.4237898465171192, 0.7737898465171192], "4": [0.0, 0.36635182998819366], "5": [0.09126328217237308, 0.09126328217237308], "6": [0.3902007083825266, 0.3902007083825266], "7": [0.0059031877213695395, 0.0059031877213695395], "8": [0.0, 0.653482880755608], "9": [0.2487012987012987, 0.6987012987012986], "10": [0.007792207792207792, 0.007792207792207792], "11": [0.44492075796930347, 0.451948051948052], "12": [0.0, 0.006375442739079103], "13": [0.36900826446280993, 0.8190082644628099], "14": [0.0, 0.7239669421487603], "15": [0.0, 0.005076741440377804], "16": [0.3049586776859504, 0.3049586776859504], "17": [0.15855980401416764, 0.22219598583234945], "18": [0.0, 0.05478158205430932], "19": [0.0, 0.007556080283353011]}, "median_wind": {"0": [0.0, 0.25312868949232586], "1": [0.046871310507674145, 0.046871310507674145], "2": [0.37690581700118064, 0.8985832349468713], "3": [0.5263872491145218, 0.9763872491145218], "4": [0.34422681700118063, 0.9846517119244392], "5": [0.18955135773317594, 0.43955135773317594], "6": [0.11287251239669423, 0.891263282172373], "7": [0.0, 0.176741440377804], "8": [0.006635012987012988, 0.9671782762691854], "9": [0.4743366410861865, 0.7126328217237309], "10": [0.012868949232585596, 0.012868949232585596], "11": [0.26824085005903187, 0.26824085005903187], "12": [0.11074380165289256, 0.11074380165289256], "13": [0.5121194675324675, 0.921133412042503], "14": [0.4550767414403778, 0.7050767414403779], "15": [0.01357733175914994, 0.01357733175914994], "16": [0.47626918536009444, 0.9762691853600944], "17": [0.16151121605667063, 0.6615112160566705], "18": [0.04462809917355372, 0.24462809917355371], "19": [0.0, 0.09161747343565525]}}