{"xm_inputs": [30.06787330316742, 275.3708144796383, 12.48868778280543, 746.606334841629], "xstd_inputs": [9.971448357936204, 96.99416713473106, 2.4999744066174263, 249.97696501236445], "xmin": [-1.511101774014104, -1.5291725148133004, -0.9954853042566673, -0.9865162369237951], "xmax": [1.4974882445184814, 1.5271968397295568, 1.0045351706590007, 1.013668059958395], "y_mean": -1265040633.606335, "y_std": 175348586.72231647}