{"xm_inputs": [29.692737430167597, 273.263966480447, 12.486033519553073, 751.3966480446927], "xstd_inputs": [9.946252363674223, 97.99144230916941, 2.4999609871803816, 249.99609871803867], "xmin": [-1.4772134159624304, -1.492109545843119, -0.9944289260117549, -1.0056022847309856], "xmax": [1.5389980075045855, 1.5331546304375079, 1.0056022847309876, 0.9944289260117527], "ws_mean": [0.046295448301126425, 0.3383704246420609, 0.012287450010684731, 0.024864914369447735, 0.05849131483347072, 0.03863296394663738, 0.01965992001709554, 0.020789449583295157, 0.03289373263729888, 0.053469487437799564, 0.07445736789083252, 0.010516836096101599, 0.04255578960222248, 0.014867051317275677, 0.014164911316665127, 0.08553896877003389, 0.029520407851756844, 0.02039258784381961, 0.013416979576884317, 0.04881399395549045], "ws_std": [0.001842955532675597, 0.02362716677525293, 0.002029354318725189, 0.003478832979530655, 0.005015722759475337, 0.0030937959938228663, 0.0013259412571654306, 0.0019007096228024333, 0.0037138703362934464, 0.0014422580591650887, 0.01055565530775042, 0.0009778439648348131, 0.002196943230493888, 0.0016856778938582324, 0.0010594959024989047, 0.016897172436619968, 0.006127049540505176, 0.0038124353917023293, 0.0007795063854934019, 0.010418646591684939]}