{"cluster_95_dispatch": {"0": [[0, 0, 0, 0, 0, 0, 0, 0, 1.0, 0.8172056776315789, 1.0, 1.0, 1.0, 0.6052631578947368, 0.21052631578947367, 0.0, 0.39473684210526316, 0.0, 0.39473684210526316, 0.7894736842105263, 1.0, 1.0, 1.0, 1.0], [1.0000000000000009, 1.0000000000000009, 1.0000000000000009, 1.0000000000000009, 1.0000000000000009, 1.0000000000000009, 1.0000000000000009, 1.0000000000000009, 0, 0, 0, 0, 0, 0, 0, 0, 0, 0, 0, 0, 0, 0, 0, 0]], "1": [[0.21052631578947367, 0.0, 0.0, 0.0, 0.0, 0.0, 0.39473684210526316, 0.2876325197368422, 0.0, 0.0, 0.0, 0.0, 0.0, 0.0, 0.0, 0.0, 0.0, 0.39473684210526316, 0.7894736842105263, 0.39473684210526316, 0.0, 0.0, 0.39473684210526316, 0.7894736842105263], [0, 0, 0, 0, 0, 0, 0, 0, 0, 0, 0, 0, 0, 0, 0, 0, 0, 0, 0, 0, 0, 0, 0, 0]], "2": [[0.0, 0.01889740131578957, 0.0, 0.39473684210526316, 0.0, 0.39473684210526316, 0.7894736842105263, 0.39473684210526316, 0.0, 0.0, 0.0, 0.0, 0.0, 0.0, 0.0, 0.0, 0.39473684210526316, 0.7894736842105263, 1.0, 1.0, 1.0, 1.0, 1.0, 1.0], [0, 0, 0, 0, 0, 0, 0, 0, 0, 0, 0, 0, 0, 0, 0, 0, 0, 0, 0, 0, 0, 0, 0, 0]]}, "cluster_5_dispatch": {"0": [[1.0, 1.0, 1.0, 1.0, 1.0, 1.0, 1.0, 1.0, 1.0, 1.0, 0.6052631578947368, 0.21052631578947367, 0.0, 0.0, 0.0, 0.0, 0.0, 0.39473684210526316, 0.7894736842105263, 1.0, 0.6585714934210527, 0.5638031447368421, 0.49900699342105265, 0.6654018552631578], [0, 0, 0, 0, 0, 0, 0, 0, 0, 0, 0, 0, 0, 0, 0, 0, 0, 0, 0, 0, 0, 0, 0, 0]], "1": [[0.0, 0.0, 0.0, 0.0, 0.0, 0.0, 0.1497412236842106, 0.0, 0.0, 0.0, 0.0, 0.0, 0.0, 0.0, 0.0, 0.0, 0.0, 0.0, 0.0, 0.0, 0.0, 0.0, 0.0, 0.0], [0, 0, 0, 0, 0, 0, 0, 0, 0, 0, 0, 0, 0, 0, 0, 0, 0, 0, 0, 0, 0, 0, 0, 0]], "2": [[0.0, 0.0, 0.0, 0.0, 0.39473684210526316, 0.0, 0.0, 0.0, 0.0, 0.0, 0.0, 0.0, 0.0, 0.0, 0.0, 0.0, 0.0, 0.0, 0.0, 0.39473684210526316, 0.7894736842105263, 1.0, 1.0, 1.0], [0, 0, 0, 0, 0, 0, 0, 0, 0, 0, 0, 0, 0, 0, 0, 0, 0, 0, 0, 0, 0, 0, 0, 0]]}, "median_dispatch": {"0": [[0.35533315131578963, 0.7500699934210528, 1.0, 1.0, 1.0, 1.0, 1.0, 1.0, 0.9566268618421053, 1.0, 0.6052631578947368, 0.21052631578947367, 0.0, 0.0, 0.1608055789473685, 0.5555424210526316, 0.9502792631578948, 1.0, 1.0, 1.0, 1.0, 1.0, 1.0, 1.0], [0, 0, 0, 0, 0, 0, 0, 0, 0, 0, 0, 0, 0, 0, 0, 0, 0, 0, 0, 0, 0, 0, 0, 0]], "1": [[0.0, 0.0, 0.0, 0.0, 0.0, 0.0, 0.0, 0.0, 0.0, 0.0, 0.0, 0.0, 0.0, 0.0, 0.0, 0.0, 0.0, 0.0, 0.39473684210526316, 0.7894736842105263, 0.39473684210526316, 0.0, 0.0, 0.0], [0, 0, 0, 0, 0, 0, 0, 0, 0, 0, 0, 0, 0, 0, 0, 0, 0, 0, 0, 0, 0, 0, 0, 0]], "2": [[0.6052631578947368, 0.21052631578947367, 0.0, 0.0, 0.0, 0.39473684210526316, 0.0, 0.0, 0.0, 0.0, 0.0, 0.0, 0.0, 0.0, 0.0, 0.0, 0.0, 0.14584800000000012, 0.5405848421052633, 0.9353216842105264, 1.0, 0, 1.0, 0.6052631578947368], [0, 0, 0, 0, 0, 0, 0, 0, 0, 0, 0, 0, 0, 0, 0, 0, 0, 0, 0, 0, 0, 0.06979396666666693, 0, 0]]}}