{"cluster_95_dispatch": {"0": [[[0, 0], [1, 0], [2, 0], [3, 0], [4, 0], [5, 0], [6, 0], [7, 0], [8, 1.0], [9, 0.8172056776315789], [10, 1.0], [11, 1.0], [12, 1.0], [13, 0.6052631578947368], [14, 0.21052631578947367], [15, 0.0], [16, 0.39473684210526316], [17, 0.0], [18, 0.39473684210526316], [19, 0.7894736842105263], [20, 1.0], [21, 1.0], [22, 1.0], [23, 1.0]], [[0, 1.0000000000000009], [1, 1.0000000000000009], [2, 1.0000000000000009], [3, 1.0000000000000009], [4, 1.0000000000000009], [5, 1.0000000000000009], [6, 1.0000000000000009], [7, 1.0000000000000009], [8, 0], [9, 0], [10, 0], [11, 0], [12, 0], [13, 0], [14, 0], [15, 0], [16, 0], [17, 0], [18, 0], [19, 0], [20, 0], [21, 0], [22, 0], [23, 0]]], "1": [[[0, 0.21052631578947367], [1, 0.0], [2, 0.0], [3, 0.0], [4, 0.0], [5, 0.0], [6, 0.39473684210526316], [7, 0.2876325197368422], [8, 0.0], [9, 0.0], [10, 0.0], [11, 0.0], [12, 0.0], [13, 0.0], [14, 0.0], [15, 0.0], [16, 0.0], [17, 0.39473684210526316], [18, 0.7894736842105263], [19, 0.39473684210526316], [20, 0.0], [21, 0.0], [22, 0.39473684210526316], [23, 0.7894736842105263]], [[0, 0], [1, 0], [2, 0], [3, 0], [4, 0], [5, 0], [6, 0], [7, 0], [8, 0], [9, 0], [10, 0], [11, 0], [12, 0], [13, 0], [14, 0], [15, 0], [16, 0], [17, 0], [18, 0], [19, 0], [20, 0], [21, 0], [22, 0], [23, 0]]], "2": [[[0, 0.0], [1, 0.01889740131578957], [2, 0.0], [3, 0.39473684210526316], [4, 0.0], [5, 0.39473684210526316], [6, 0.7894736842105263], [7, 0.39473684210526316], [8, 0.0], [9, 0.0], [10, 0.0], [11, 0.0], [12, 0.0], [13, 0.0], [14, 0.0], [15, 0.0], [16, 0.39473684210526316], [17, 0.7894736842105263], [18, 1.0], [19, 1.0], [20, 1.0], [21, 1.0], [22, 1.0], [23, 1.0]], [[0, 0], [1, 0], [2, 0], [3, 0], [4, 0], [5, 0], [6, 0], [7, 0], [8, 0], [9, 0], [10, 0], [11, 0], [12, 0], [13, 0], [14, 0], [15, 0], [16, 0], [17, 0], [18, 0], [19, 0], [20, 0], [21, 0], [22, 0], [23, 0]]]}, "cluster_5_dispatch": {"0": [[[0, 1.0], [1, 1.0], [2, 1.0], [3, 1.0], [4, 1.0], [5, 1.0], [6, 1.0], [7, 1.0], [8, 1.0], [9, 1.0], [10, 0.6052631578947368], [11, 0.21052631578947367], [12, 0.0], [13, 0.0], [14, 0.0], [15, 0.0], [16, 0.0], [17, 0.39473684210526316], [18, 0.7894736842105263], [19, 1.0], [20, 0.6585714934210527], [21, 0.5638031447368421], [22, 0.49900699342105265], [23, 0.6654018552631578]], [[0, 0], [1, 0], [2, 0], [3, 0], [4, 0], [5, 0], [6, 0], [7, 0], [8, 0], [9, 0], [10, 0], [11, 0], [12, 0], [13, 0], [14, 0], [15, 0], [16, 0], [17, 0], [18, 0], [19, 0], [20, 0], [21, 0], [22, 0], [23, 0]]], "1": [[[0, 0.0], [1, 0.0], [2, 0.0], [3, 0.0], [4, 0.0], [5, 0.0], [6, 0.1497412236842106], [7, 0.0], [8, 0.0], [9, 0.0], [10, 0.0], [11, 0.0], [12, 0.0], [13, 0.0], [14, 0.0], [15, 0.0], [16, 0.0], [17, 0.0], [18, 0.0], [19, 0.0], [20, 0.0], [21, 0.0], [22, 0.0], [23, 0.0]], [[0, 0], [1, 0], [2, 0], [3, 0], [4, 0], [5, 0], [6, 0], [7, 0], [8, 0], [9, 0], [10, 0], [11, 0], [12, 0], [13, 0], [14, 0], [15, 0], [16, 0], [17, 0], [18, 0], [19, 0], [20, 0], [21, 0], [22, 0], [23, 0]]], "2": [[[0, 0.0], [1, 0.0], [2, 0.0], [3, 0.0], [4, 0.39473684210526316], [5, 0.0], [6, 0.0], [7, 0.0], [8, 0.0], [9, 0.0], [10, 0.0], [11, 0.0], [12, 0.0], [13, 0.0], [14, 0.0], [15, 0.0], [16, 0.0], [17, 0.0], [18, 0.0], [19, 0.39473684210526316], [20, 0.7894736842105263], [21, 1.0], [22, 1.0], [23, 1.0]], [[0, 0], [1, 0], [2, 0], [3, 0], [4, 0], [5, 0], [6, 0], [7, 0], [8, 0], [9, 0], [10, 0], [11, 0], [12, 0], [13, 0], [14, 0], [15, 0], [16, 0], [17, 0], [18, 0], [19, 0], [20, 0], [21, 0], [22, 0], [23, 0]]]}, "median_dispatch": {"0": [[[0, 0.35533315131578963], [1, 0.7500699934210528], [2, 1.0], [3, 1.0], [4, 1.0], [5, 1.0], [6, 1.0], [7, 1.0], [8, 0.9566268618421053], [9, 1.0], [10, 0.6052631578947368], [11, 0.21052631578947367], [12, 0.0], [13, 0.0], [14, 0.1608055789473685], [15, 0.5555424210526316], [16, 0.9502792631578948], [17, 1.0], [18, 1.0], [19, 1.0], [20, 1.0], [21, 1.0], [22, 1.0], [23, 1.0]], [[0, 0], [1, 0], [2, 0], [3, 0], [4, 0], [5, 0], [6, 0], [7, 0], [8, 0], [9, 0], [10, 0], [11, 0], [12, 0], [13, 0], [14, 0], [15, 0], [16, 0], [17, 0], [18, 0], [19, 0], [20, 0], [21, 0], [22, 0], [23, 0]]], "1": [[[0, 0.0], [1, 0.0], [2, 0.0], [3, 0.0], [4, 0.0], [5, 0.0], [6, 0.0], [7, 0.0], [8, 0.0], [9, 0.0], [10, 0.0], [11, 0.0], [12, 0.0], [13, 0.0], [14, 0.0], [15, 0.0], [16, 0.0], [17, 0.0], [18, 0.39473684210526316], [19, 0.7894736842105263], [20, 0.39473684210526316], [21, 0.0], [22, 0.0], [23, 0.0]], [[0, 0], [1, 0], [2, 0], [3, 0], [4, 0], [5, 0], [6, 0], [7, 0], [8, 0], [9, 0], [10, 0], [11, 0], [12, 0], [13, 0], [14, 0], [15, 0], [16, 0], [17, 0], [18, 0], [19, 0], [20, 0], [21, 0], [22, 0], [23, 0]]], "2": [[[0, 0.6052631578947368], [1, 0.21052631578947367], [2, 0.0], [3, 0.0], [4, 0.0], [5, 0.39473684210526316], [6, 0.0], [7, 0.0], [8, 0.0], [9, 0.0], [10, 0.0], [11, 0.0], [12, 0.0], [13, 0.0], [14, 0.0], [15, 0.0], [16, 0.0], [17, 0.14584800000000012], [18, 0.5405848421052633], [19, 0.9353216842105264], [20, 1.0], [21, 0], [22, 1.0], [23, 0.6052631578947368]], [[0, 0], [1, 0], [2, 0], [3, 0], [4, 0], [5, 0], [6, 0], [7, 0], [8, 0], [9, 0], [10, 0], [11, 0], [12, 0], [13, 0], [14, 0], [15, 0], [16, 0], [17, 0], [18, 0], [19, 0], [20, 0], [21, 0.06979396666666693], [22, 0], [23, 0]]]}}