{"xm_inputs": [29.692737430167597, 273.263966480447, 12.486033519553073, 751.3966480446927], "xstd_inputs": [9.946252363674223, 97.99144230916941, 2.4999609871803816, 249.99609871803867], "xmin": [-1.4772134159624304, -1.492109545843119, -0.9944289260117549, -1.0056022847309856], "xmax": [1.5389980075045855, 1.5331546304375079, 1.0056022847309876, 0.9944289260117527], "ws_mean": [0.030328759247387326, 0.04433149148782447, 0.03072180500859867, 0.015319880737959325, 0.03372561589889186, 0.04263783313490246, 0.04332407322607892, 0.04008748766167027, 0.019820827100568827, 0.32430727274577426, 0.03664038729635395, 0.05577688229487846, 0.020188433006685595, 0.01322236468541076, 0.02472054319178597, 0.033829283308402285, 0.0332626105361704, 0.0849939198746324, 0.04410698476661477, 0.02865354478940886], "ws_std": [0.01272553980400483, 0.0441947207958925, 0.02199301880044211, 0.014184866895094878, 0.0017339097280148219, 0.01598964815349818, 0.023160050593924893, 0.017659937604759313, 0.02077313947424781, 0.04684618037476089, 0.013127083892128697, 0.02231777348169323, 0.018616482394240012, 0.012857169153275488, 0.015313182565549503, 0.03827581541483486, 0.01682812544835095, 0.037282715619183754, 0.015850743937509643, 0.026512850438178658]}