{"hyper_params": {"dtw_inertia": false, "init": "k-means++", "max_iter": 50, "max_iter_barycenter": 100, "metric": "euclidean", "metric_params": null, "n_clusters": 20, "n_init": 1, "n_jobs": null, "random_state": null, "tol": 1e-06, "verbose": 0}, "model_params": {"cluster_centers_": [[[0.995245640433753], [0.9957264497070921], [0.9879324862520255], [0.9736152491088121], [0.9715313982300886], [0.9909286152312102], [0.985033174024679], [0.951060276355478], [0.968958433204537], [0.9909160006481367], [0.9882951012838089], [0.9805355199800572], [0.9789330297893555], [0.9707228935809548], [0.9953258363704349], [0.9950518687772654], [1.0], [1.0], [1.0], [1.0], [1.0], [1.0], [1.0], [0.9998986826374174]], [[0.9568448033025742], [0.9858459698882953], [0.9666880209810588], [0.9805201728994658], [0.9458669286061194], [0.9737705894123361], [0.9424267576493444], [0.8886389622146673], [0.43373636270033994], [0.015197478193297718], [0.0], [0.0], [0.0], [0.017241379310344827], [0.0], [0.05786311665857212], [0.2030443932005828], [0.6355629025740651], [0.9554028225352112], [0.9990884273919379], [1.0], [1.0], [1.0], [0.9994679304516756]], [[0.9819163504225352], [0.9793471179718309], [0.999347117971831], [0.9984910348169015], [0.98], [0.9882444646760564], [0.9967357212394365], [1.0], [0.840834133859155], [0.4323215085070422], [0.08684090411267606], [0.054776178929577465], [0.024210392112676057], [0.264633508056338], [0.742172182309859], [0.9868961714929577], [0.9984045969577465], [1.0], [1.0], [1.0], [1.0], [1.0], [1.0], [1.0]], [[1.0], [1.0], [1.0], [0.9628805590268886], [0.9312815316261205], [0.90403294340589], [0.7289506571062738], [0.2581556379001281], [0.23522593649167733], [0.6835147923175418], [0.9978240207426378], [0.9772727272727273], [1.0], [1.0], [1.0], [1.0], [1.0], [1.0], [1.0], [1.0], [1.0], [1.0], [1.0], [1.0]], [[0.9245273971830986], [0.6861778152112675], [0.23908308732394365], [0.04344466647887324], [0.01959032112676056], [0.3529626698591549], [0.8333723487323944], [0.95], [0.55], [0.1], [0.05], [0.1], [0.05], [0.0], [0.0], [0.05], [0.23662384225352112], [0.6726891712676056], [0.9860653290140846], [1.0], [1.0], [1.0], [1.0], [0.85]], [[1.0], [1.0], [1.0], [1.0], [1.0], [1.0], [1.0], [1.0], [1.0], [0.8040785714788732], [0.30407857147887324], [0.006515444366197183], [0.0], [0.0], [0.10076475387323944], [0.5493949362676056], [0.9332653915492958], [0.9978245436619718], [1.0], [1.0], [1.0], [1.0], [1.0], [1.0]], [[1.0], [0.988799421971831], [0.9831770670422536], [1.0], [1.0], [1.0], [0.9628395036619718], [0.7628395036619718], [0.3], [0.0], [0.0], [0.03182698084507042], [0.34938743492957747], [0.787958814084507], [0.9978479763380281], [1.0], [1.0], [1.0], [1.0], [1.0], [1.0], [1.0], [1.0], [1.0]], [[0.4632144281690141], [0.13297532394366196], [0.004162366197183098], [0.0], [0.18463098967136152], [0.6587036938967136], [0.9740727042253522], [0.8333333333333334], [0.33864521032863854], [0.005311876995305165], [0.060027062910798124], [0.0], [0.20976977370892022], [0.5441556629107981], [0.7912302431924884], [0.9568443539906104], [1.0], [1.0], [1.0], [1.0], [1.0], [1.0], [1.0], [1.0]], [[0.8730649175050301], [0.7242273657947687], [0.8607772152917504], [0.6711146511066399], [0.4181917167002012], [0.09325614245472837], [0.1550129046277666], [0.07982623903420523], [0.008397667605633803], [0.0], [0.0], [0.0], [0.013225769014084508], [0.08465434044265595], [0.21428571428571427], [0.2857142857142857], [0.38821723058350105], [0.7175675525150905], [0.9875711010060363], [1.0], [1.0], [1.0], [0.9335472635814889], [0.869794184305835]], [[0.967259544600939], [0.8719525098591551], [0.8333333333333334], [0.6666666666666666], [0.5833923981220658], [0.8333923981220658], [1.0], [1.0], [1.0], [1.0], [0.8624912178403755], [0.48085326291079805], [0.21896350422535207], [0.017268125821596245], [0.0], [0.0], [0.08333333333333333], [0.5], [0.9166666666666666], [1.0], [1.0], [1.0], [1.0], [1.0]], [[0.1933021890453834], [0.1408726522691706], [0.05542235430359937], [0.11458416588419405], [0.26893381846635367], [0.5582011705790297], [0.8804334435054773], [0.8876284369327073], [0.3888888888888889], [0.0], [0.0], [0.0], [0.0], [0.0], [0.0], [0.0], [0.1111111111111111], [0.5829712444444444], [0.9718601333333332], [1.0], [1.0], [1.0], [1.0], [0.8333333333333334]], [[0.8942401593561368], [0.9219167818913482], [0.948318618108652], [0.9184321730382294], [0.8113240519114688], [0.9351190873239437], [0.8288631778672032], [0.32886317786720326], [0.0], [0.0], [0.0], [0.03571428571428571], [0.04943068450704225], [0.016116493762575453], [0.15804227967806841], [0.46595141207243457], [0.809561000804829], [0.9992517734406439], [1.0], [1.0], [1.0], [1.0], [1.0], [0.933889767806841]], [[0.464892029778672], [0.11465590020120724], [0.0], [0.2857142857142857], [0.7325560394366197], [0.946841753722334], [1.0], [1.0], [0.7857142857142857], [0.2857142857142857], [0.33700458269617706], [0.5717025505030181], [0.8516533014084507], [0.8559155863179075], [0.9597368997987926], [1.0], [1.0], [1.0], [1.0], [1.0], [1.0], [1.0], [1.0], [1.0]], [[0.9615384615384616], [0.9666692442036837], [1.0], [0.9883530028169013], [0.9681816359696641], [1.0], [1.0], [0.9739153265438786], [0.5422167163596966], [0.2298906366197183], [0.6545382929577465], [0.9689122028169013], [0.9946576368364031], [1.0], [1.0], [1.0], [1.0], [1.0], [1.0], [1.0], [1.0], [1.0], [1.0], [1.0]], [[1.0], [1.0], [1.0], [1.0], [1.0], [1.0], [1.0], [0.9587604652582159], [0.9528231910798123], [0.9592916539906103], [0.8884618079812207], [0.4884450830985915], [0.11289369436619719], [0.06820697136150235], [0.27234121079812207], [0.7544633906103287], [0.9670987953051643], [1.0], [1.0], [1.0], [1.0], [1.0], [1.0], [0.9583333333333334]], [[1.0], [1.0], [0.9945939815962441], [1.0], [1.0], [1.0], [1.0], [1.0], [0.9727993926760564], [0.5705172011267606], [0.10589940169014085], [0.00818159323943662], [0.016458502159624414], [0.0], [0.0], [0.017998264037558685], [0.4179982640375587], [0.8900821261971831], [1.0], [1.0], [1.0], [1.0], [1.0], [1.0]], [[0.6255163373239436], [0.33836193521126756], [0.14599565774647888], [0.0], [0.006675462676056339], [0.09741932535211267], [0.15561782605633803], [0.028243862676056337], [0.0], [0.0], [0.0], [0.0], [0.0], [0.05056991971830986], [0.14215666197183097], [0.2569499971830986], [0.49533471056338024], [0.7916461415492959], [0.9838114309859155], [0.9375], [0.875], [0.856758461971831], [0.6866687338028169], [0.563003366197183]], [[1.0], [1.0], [1.0], [0.9593821370892017], [0.9505674732394367], [1.0], [1.0], [0.9904221489827856], [0.8269307048513301], [0.4703180544600939], [0.18519728450704226], [0.30457476463223787], [0.7559294228482003], [0.995464545226917], [0.9735561818466354], [1.0], [1.0], [1.0], [1.0], [1.0], [1.0], [1.0], [1.0], [0.99406298028169]], [[1.0], [0.9666666666666667], [0.9762268792488263], [0.942383248826291], [0.9596220769953052], [0.9283570625352112], [0.8212757111737089], [0.4163085123004695], [0.028366134460093898], [0.0], [0.1718942861971831], [0.6699346152112677], [0.9916297675117371], [1.0], [1.0], [1.0], [1.0], [1.0], [1.0], [1.0], [1.0], [1.0], [1.0], [1.0]], [[0.9444444444444444], [0.9482438103286385], [0.8653935154929577], [0.524767241940532], [0.2146550153364632], [0.5453971605633803], [0.9139525777777777], [0.8888888888888888], [0.4315723405320814], [0.04268345164319249], [0.0], [0.0], [0.0], [0.0], [0.0], [0.10876617902973397], [0.39273307480438185], [0.783966895774648], [1.0], [1.0], [1.0], [1.0], [0.9836221840375587], [0.9280666284820032]]], "inertia_": 0.3604871163397205,