{"hyper_params": {"dtw_inertia": false, "init": "k-means++", "max_iter": 50, "max_iter_barycenter": 100, "metric": "euclidean", "metric_params": null, "n_clusters": 50, "n_init": 1, "n_jobs": null, "random_state": null, "tol": 1e-06, "verbose": 0}, "model_params": {"cluster_centers_": [[[1.0], [0.9929996387323944], [0.9894856669014085], [0.9894515366197183], [0.988387061971831], [0.96875], [0.8717206690140845], [0.42956392007042254], [0.02659325105633803], [0.0], [0.16115089330985916], [0.6067460616197184], [0.9395852669014085], [1.0], [1.0], [1.0], [1.0], [1.0], [1.0], [1.0], [1.0], [1.0], [1.0], [1.0]], [[0.9165526485133021], [0.9482438103286385], [0.9736399280125195], [0.9014576012519561], [0.7348449683881064], [0.9567762885758998], [0.9444444444444444], [0.4444444444444444], [0.0], [0.0], [0.0], [0.05555555555555555], [0.0768921758998435], [0.02133662034428795], [0.0009614685446009388], [0.15033137777777777], [0.5926504456964007], [0.9432805364632237], [1.0], [1.0], [1.0], [1.0], [0.9836221840375587], [0.8252284895148669]], [[1.0], [1.0], [1.0], [1.0], [1.0], [1.0], [1.0], [0.9808442979655712], [0.9733183136150235], [0.8382413640062598], [0.4356647830985915], [0.11395595805946794], [0.4003031073552426], [0.8445477602503912], [0.9617735874804383], [1.0], [1.0], [1.0], [1.0], [1.0], [1.0], [1.0], [1.0], [1.0]], [[1.0], [0.8602814929577466], [0.8333333333333334], [0.6423002384976525], [0.347129682629108], [0.6583111737089201], [0.4916445070422535], [0.9285649558685446], [1.0], [1.0], [1.0], [1.0], [1.0], [1.0], [1.0], [1.0], [1.0], [1.0], [1.0], [1.0], [1.0], [1.0], [1.0], [1.0]], [[0.6198598507042253], [0.30041669577464786], [0.050416695774647885], [0.0], [0.023027822535211268], [0.5173557887323943], [0.9943279661971831], [0.4943279661971831], [0.0], [0.0], [0.0], [0.0], [0.0], [0.0], [0.0], [0.0], [0.4784335126760563], [0.9784335126760564], [1.0], [1.0], [1.0], [1.0], [1.0], [0.5]], [[1.0], [1.0], [0.9937622864572048], [1.0], [1.0], [1.0], [1.0], [1.0], [0.9932533356446371], [0.493253335644637], [0.0], [0.0], [0.0], [0.0], [0.0], [0.20399958483206934], [0.7039995848320694], [0.9885562994582882], [1.0], [1.0], [1.0], [1.0], [1.0], [1.0]], [[0.44482164225352117], [0.19946298591549294], [0.006243549295774647], [0.0], [0.026946484507042255], [0.48805554084507047], [0.9611090563380281], [0.75], [0.2579678154929578], [0.007967815492957747], [0.09004059436619719], [0.0], [0.3146546605633803], [0.8146546605633802], [1.0], [1.0], [1.0], [1.0], [1.0], [1.0], [1.0], [1.0], [1.0], [1.0]], [[1.0], [1.0], [0.9214882678617158], [0.8560894909090909], [0.9535506448143406], [1.0], [0.9882088814340588], [0.5693199513444301], [0.9369516665813061], [0.9723331953905249], [0.9681572558258643], [1.0], [1.0], [0.9545454545454546], [1.0], [1.0], [1.0], [1.0], [1.0], [1.0], [1.0], [1.0], [1.0], [1.0]], [[0.915091323943662], [0.415091323943662], [0.0], [0.0], [0.0], [0.1728552], [0.6728552], [1.0], [0.6666666666666666], [0.16666666666666666], [0.0], [0.0], [0.0], [0.0], [0.0], [0.0], [0.3031237990610329], [0.8031237990610328], [1.0], [1.0], [1.0], [1.0], [1.0], [0.8333333333333334]], [[1.0], [1.0], [1.0], [1.0], [1.0], [1.0], [1.0], [0.9444444444444444], [0.5096667912363068], [0.09022607636932707], [0.031542869483568076], [0.11308192300469483], [0.5641739824726134], [0.9684517877934273], [1.0], [1.0], [1.0], [1.0], [1.0], [1.0], [1.0], [1.0], [1.0], [0.9881259605633803]], [[0.9247167778169014], [0.9760198419014084], [1.0], [0.9660007176056338], [0.9140128985915492], [0.9692621521126761], [0.96875], [0.9148517281690141], [0.41485172816901406], [0.0], [0.0], [0.0], [0.0], [0.03125], [0.0], [0.03049685598591549], [0.013278092253521126], [0.4965979334507042], [0.9833198411971831], [1.0], [1.0], [1.0], [1.0], [1.0]], [[1.0], [1.0], [1.0], [0.9968563225352113], [1.0], [1.0], [1.0], [1.0], [0.8571167380281691], [0.39816415352112683], [0.022284230985915494], [0.06686149624413146], [0.03503535023474178], [0.03259168075117371], [0.4957480375586855], [0.9691582530516433], [0.9521089685446009], [0.9970993915492957], [1.0], [1.0], [1.0], [1.0], [1.0], [1.0]], [[1.0], [1.0], [1.0], [1.0], [1.0], [1.0], [1.0], [1.0], [0.9967029323943661], [0.9263065248826291], [0.9751312647887325], [0.5824521708920187], [0.08333333333333333], [0.0], [0.03361717464788732], [0.450283841314554], [0.8508642572769953], [1.0], [1.0], [1.0], [1.0], [1.0], [1.0], [0.9166666666666666]], [[0.9615384615384616], [0.9666692442036837], [1.0], [0.9883530028169013], [0.9681816359696641], [1.0], [1.0], [0.9739153265438786], [0.5422167163596966], [0.2298906366197183], [0.6545382929577465], [0.9689122028169013], [0.9946576368364031], [1.0], [1.0], [1.0], [1.0], [1.0], [1.0], [1.0], [1.0], [1.0], [1.0], [1.0]], [[0.9944037225938968], [0.9993358785211267], [1.0], [0.9969376514671362], [0.9922146026995305], [1.0], [0.999619973415493], [0.9939749676643194], [0.9706857772887325], [0.9924775304577467], [0.9898710065727699], [0.9860816784624412], [0.9903765126173708], [0.9870033032276996], [0.9984021691314554], [0.9941756372065728], [1.0], [1.0], [1.0], [1.0], [1.0], [1.0], [1.0], [0.9998807410211268]], [[0.8333333333333334], [0.6666666666666666], [0.8247524976525821], [0.3934357333333333], [0.39758985915492956], [0.1643528676056338], [0.0], [0.0], [0.0], [0.0], [0.0], [0.16666666666666666], [0.3641934610328639], [0.5308601276995305], [0.8333333333333334], [1.0], [1.0], [1.0], [1.0], [1.0], [1.0], [1.0], [1.0], [1.0]], [[1.0], [1.0], [1.0], [0.9298423800256082], [0.8874592117797694], [0.902829900128041], [0.4997818663252241], [0.01342011728553137], [0.4080440727272727], [0.8272873700384124], [1.0], [0.9545454545454546], [1.0], [1.0], [1.0], [1.0], [1.0], [1.0], [1.0], [1.0], [1.0], [1.0], [1.0], [1.0]], [[0.965888361971831], [1.0], [1.0], [1.0], [1.0], [0.9339371535211267], [0.5260211225352113], [0.026021122535211265], [0.0], [0.0], [0.0], [0.0], [0.0], [0.008400332394366196], [0.3701916436619718], [0.8617913112676057], [1.0], [1.0], [1.0], [1.0], [1.0], [1.0], [1.0], [1.0]], [[1.0], [1.0], [1.0], [0.75], [0.25], [0.1127866], [0.6127866], [1.0], [0.5], [0.0], [0.0], [0.0], [0.0], [0.0], [0.0], [0.0], [0.0377245323943662], [0.5377245323943662], [1.0], [1.0], [1.0], [1.0], [1.0], [1.0]], [[1.0], [1.0], [1.0], [0.995918738028169], [0.9751038514724711], [0.9052359866837386], [0.958119447887324], [0.5028911585147248], [0.06240780025608195], [0.5397422145966709], [0.9956480414852752], [1.0], [1.0], [1.0], [1.0], [1.0], [1.0], [1.0], [1.0], [1.0], [1.0], [1.0], [1.0], [1.0]], [[0.8057272112676056], [0.3063259971830986], [0.8063259971830985], [1.0], [0.75], [0.29254516619718307], [0.0425451661971831], [0.0], [0.0], [0.0], [0.0], [0.0], [0.0], [0.0], [0.0], [0.0], [0.0], [0.46716528450704226], [0.9671652845070422], [1.0], [1.0], [1.0], [1.0], [1.0]], [[0.9957300773367478], [0.9975650596670934], [0.9121775098591549], [0.9980975938540333], [0.9823576865556979], [0.9755593326504481], [0.9724976107554416], [1.0], [0.5189354868117797], [0.01893548681177977], [0.0], [0.0], [0.0], [0.0], [0.0], [0.10818915339308578], [0.5536128445582587], [0.9908782366197183], [1.0], [1.0], [1.0], [1.0], [1.0], [0.998597271190781]], [[0.44391159436619726], [0.11057826103286385], [0.0], [0.5], [1.0], [1.0], [1.0], [1.0], [1.0], [0.5], [0.781966820657277], [0.8243744169014086], [0.8153033746478874], [0.663803034741784], [0.906052766197183], [1.0], [1.0], [1.0], [1.0], [1.0], [1.0], [1.0], [1.0], [1.0]], [[1.0], [0.5], [0.0], [0.0], [0.0], [0.0], [0.0], [0.0], [0.0], [0.0], [0.0], [0.0], [0.0], [0.0], [0.0], [0.5], [1.0], [1.0], [1.0], [0.5], [0.0], [0.0], [0.0], [0.5]], [[1.0], [0.9784697830985916], [0.8254367690140845], [0.6954794169014085], [0.40735530140845067], [0.0], [0.25], [0.2793918366197183], [0.02939183661971831], [0.0], [0.0], [0.0], [0.0], [0.0], [0.0], [0.0], [0.3587603070422535], [0.80498758028169], [1.0], [1.0], [1.0], [1.0], [0.9731357774647887], [1.0]], [[1.0], [1.0], [1.0], [1.0], [1.0], [1.0], [1.0], [1.0], [1.0], [1.0], [1.0], 