{"R2": 0.9949311982710979, "CV": [0.9937054743426946, 0.9949076003026845, 0.9936241558839084, 0.9943874652326132, 0.9948048309959601]}