{"R2": [0.9974189103412036, 0.9893948421400959, 0.9655135886138829, 0.9868225812497017, 0.9799839507679089, 0.9692302049569117, 0.9903964100829662, 0.9722477780810391, 0.9822457149622883, 0.9742640777287194, 0.9988135990285649], "CV": [0.9819845813004061, 0.9808900503074137, 0.9818852062826864, 0.9824798492648704, 0.9825878756031451]}