{"cluster_95_dispatch": {"0": [[0, 0, 0, 0, 0, 0, 0, 0, 1.0, 0.8172056776315789, 1.0, 1.0, 1.0, 0.6052631578947368, 0.21052631578947367, 0.0, 0.39473684210526316, 0.0, 0.39473684210526316, 0.7894736842105263, 1.0, 1.0, 1.0, 1.0], [1.0000000000000009, 1.0000000000000009, 1.0000000000000009, 1.0000000000000009, 1.0000000000000009, 1.0000000000000009, 1.0000000000000009, 1.0000000000000009, 0, 0, 0, 0, 0, 0, 0, 0, 0, 0, 0, 0, 0, 0, 0, 0]], "1": [[0.21052631578947367, 0.0, 0.0, 0.0, 0.0, 0.0, 0.39473684210526316, 0.2876325197368422, 0.0, 0.0, 0.0, 0.0, 0.0, 0.0, 0.0, 0.0, 0.0, 0.39473684210526316, 0.7894736842105263, 0.39473684210526316, 0.0, 0.0, 0.39473684210526316, 0.7894736842105263], [0, 0, 0, 0, 0, 0, 0, 0, 0, 0, 0, 0, 0, 0, 0, 0, 0, 0, 0, 0, 0, 0, 0, 0]], "2": [[0.0, 0.01889740131578957, 0.0, 0.39473684210526316, 0.0, 0.39473684210526316, 0.7894736842105263, 0.39473684210526316, 0.0, 0.0, 0.0, 0.0, 0.0, 0.0, 0.0, 0.0, 0.39473684210526316, 0.7894736842105263, 1.0, 1.0, 1.0, 1.0, 1.0, 1.0], [0, 0, 0, 0, 0, 0, 0, 0, 0, 0, 0, 0, 0, 0, 0, 0, 0, 0, 0, 0, 0, 0, 0, 0]], "3": [[1.0, 1.0, 1.0, 1.0, 1.0, 1.0, 1.0, 1.0, 0.6052631578947368, 0.21052631578947367, 0.3975047171052633, 0.7922415592105265, 1.0, 1.0, 1.0, 1.0, 1.0, 1.0, 1.0, 1.0, 1.0, 1.0, 1.0, 1.0], [0, 0, 0, 0, 0, 0, 0, 0, 0, 0, 0, 0, 0, 0, 0, 0, 0, 0, 0, 0, 0, 0, 0, 0]], "4": [[0, 0, 0, 0, 0, 0, 0, 0, 0, 0.8247445855263158, 0.43000774342105264, 0.8247445855263158, 1.0, 1.0, 1.0, 1.0, 1.0, 1.0, 1.0, 1.0, 0.9997105263157896, 1.0, 1.0, 1.0], [0.8000000000000007, 0.9999999999999998, 0.9333333333333338, 0.6859324133333333, 0.9241471533333334, 0.9999999999999998, 0.9999999999999998, 0.6000000000000005, 0.20000000000000018, 0, 0, 0, 0, 0, 0, 0, 0, 0, 0, 0, 0, 0, 0, 0]], "5": [[1.0, 1.0, 1.0, 0.6052631578947368, 0.21052631578947367, 0.6052631578947368, 0.43037596710526316, 0.035639125, 0.3241597631578948, 0.718896605263158, 1.0, 1.0, 1.0, 1.0, 1.0, 1.0, 1.0, 1.0, 1.0, 1.0, 1.0, 1.0, 1.0, 1.0], [0, 0, 0, 0, 0, 0, 0, 0, 0, 0, 0, 0, 0, 0, 0, 0, 0, 0, 0, 0, 0, 0, 0, 0]], "6": [[1.0, 0.6052631578947368, 0.21052631578947367, 0.0, 0.39473684210526316, 0.7894736842105263, 0.5311183815789472, 0.9258552236842104, 0.5311183815789472, 0.13638153947368406, 0.0, 0.0, 0.0, 0.0, 0.0, 0.0, 0.0, 0.39473684210526316, 0.7894736842105263, 1.0, 1.0, 1.0, 1.0, 0.6052631578947368], [0, 0, 0, 0, 0, 0, 0, 0, 0, 0, 0, 0, 0, 0, 0, 0, 0, 0, 0, 0, 0, 0, 0, 0]], "7": [[1.0, 1.0, 1.0, 0.8301679276315789, 0.4549992631578949, 0.258766355263158, 0.6535031973684212, 0.8750503749999999, 0.4803135328947368, 0.08557669078947365, 0.41417013815789483, 0.808906980263158, 0.5690171907894737, 0.1742803486842105, 0.0, 0.0, 0.39473684210526316, 0.7894736842105263, 1.0, 1.0, 1.0, 1.0, 0.6868092631578948, 1.0], [0, 0, 0, 0, 0, 0, 0, 0, 0, 0, 0, 0, 0, 0, 0, 0, 0, 0, 0, 0, 0, 0, 0, 0]], "8": [[0.1623428421052631, 0.0, 0.0, 0.39473684210526316, 0.7894736842105263, 1.0, 0, 0, 0, 0.6052631578947368, 0.21052631578947367, 0.0, 0.05110661842105277, 0.4458434605263159, 0.3289944210526317, 0.0, 0.39473684210526316, 0.7894736842105263, 1.0, 1.0, 1.0, 1.0, 1.0, 1.0], [0, 0, 0, 0, 0, 0, 0.6985697866666674, 0.9999999999999998, 0.20000000000000018, 0, 0, 0, 0, 0, 0, 0, 0, 0, 0, 0, 0, 0, 0, 0]], "9": [[1.0, 0, 0, 0, 0, 0, 0, 0, 0, 0.6052631578947368, 0.21052631578947367, 0.0, 0.0, 0.0, 0.0, 0.0, 0.0, 0.0, 0.39473684210526316, 0.7894736842105263, 0.39473684210526316, 0.7894736842105263, 1.0, 1.0], [0, 0.7999999999999996, 0.9999999999999998, 0.9999999999999998, 0.9999999999999998, 0.9999999999999998, 0.9999999999999998, 0.9999999999999998, 0.20000000000000018, 0, 0, 0, 0, 0, 0, 0, 0, 0, 0, 0, 0, 0, 0, 0]], "10": [[0.6052631578947368, 0.21052631578947367, 0.0, 0.39473684210526316, 0.7894736842105263, 1.0, 1.0, 1.0, 1.0, 0.9100600789473685, 1.0, 1.0, 1.0, 1.0, 1.0, 1.0, 1.0, 1.0, 1.0, 1.0, 1.0, 1.0, 1.0, 1.0], [0, 0, 0, 0, 0, 0, 0, 0, 0, 0, 0, 0, 0, 0, 0, 0, 0, 0, 0, 0, 0, 0, 0, 0]], "11": [[0.7446780131578947, 1.0, 1.0, 1.0, 0.6052631578947368, 0.21052631578947367, 0.0, 0.0, 0.0, 0.0, 0.0, 0.0, 0.0, 0.0, 0.0, 0.0, 0.0, 0.0, 0.39473684210526316, 0.7894736842105263, 0.6512910460526316, 0.6281349539473685, 0.23339811184210535, 0.0], [0, 0, 0, 0, 0, 0, 0, 0, 0, 0, 0, 0, 0, 0, 0, 0, 0, 0, 0, 0, 0, 0, 0, 0]], "12": [[1.0, 1.0, 1.0, 1.0, 1.0, 1.0, 0.8204321250000002, 0.42569528289473696, 0.030958440789473827, 0.42569528289473696, 0.8204321250000002, 1.0, 1.0, 1.0, 1.0, 1.0, 1.0, 1.0, 1.0, 1.0, 1.0, 1.0, 1.0, 1.0], [0, 0, 0, 0, 0, 0, 0, 0, 0, 0, 0, 0, 0, 0, 0, 0, 0, 0, 0, 0, 0, 0, 0, 0]], "13": [[1.0, 1.0, 1.0, 1.0, 1.0, 1.0, 1.0, 0, 1.0, 0.6052631578947368, 0.21052631578947367, 0.0, 0.0, 0.0, 0.0, 0.0, 0.39473684210526316, 0, 0, 0, 0, 0, 0, 0], [0, 0, 0, 0, 0, 0, 0, 0.7999999999999996, 0, 0, 0, 0, 0, 0, 0, 0, 0, 0.3733333333333333, 0.9999999999999998, 0.9999999999999998, 0.9999999999999998, 0.9999999999999998, 0.9999999999999998, 0.9999999999999998]], "14": [[1.0, 1.0, 1.0, 1.0, 1.0, 1.0, 1.0, 1.0, 0.9289085328947368, 0.5341716907894737, 0.13943484868421052, 0.1533179934210525, 0.0, 0.39473684210526316, 0.7894736842105263, 1.0, 1.0, 1.0, 1.0, 1.0, 1.0, 1.0, 1.0, 1.0], [0, 0, 0, 0, 0, 0, 0, 0, 0, 0, 0, 0, 0, 0, 0, 0, 0, 0, 0, 0, 0, 0, 0, 0]], "15": [[0.21052631578947367, 0.0, 0.0, 0.40602040789473687, 0, 0, 0, 0, 0, 0.6052631578947368, 0.21052631578947367, 0.0, 0.0, 0.0, 0.0, 0.0, 0.0, 0.0, 0.39473684210526316, 0.0, 0.39473684210526316, 0.398831072368421, 0.5133057828947367, 0.9080426249999999], [0, 0, 0, 0, 0.2476258500000006, 0.9999999999999998, 0.9999999999999998, 0.9999999999999998, 0.5000000000000004, 0, 0, 0, 0, 0, 0, 0, 0, 0, 0, 0, 0, 0, 0, 0]], "16": [[1.0, 1.0, 1.0, 1.0, 1.0, 0, 0, 0, 1.0, 0.6052631578947368, 1.0, 1.0, 0.6052631578947368, 0.21052631578947367, 0.0, 0.0, 0.0, 0.0, 0.0, 0.0, 0.0, 0.0, 0.0, 0.0], [0, 0, 0, 0, 0, 0.33333333333333437, 0.9999999999999987, 0.9999999999999987, 0, 0, 0, 0, 0, 0, 0, 0, 0, 0, 0, 0, 0, 0, 0, 0]], "17": [[0.04018621052631563, 0.0, 0.39473684210526316, 0.7894736842105263, 1.0, 0.6052631578947368, 0.21052631578947367, 0.0, 0.0, 0.0, 0.0, 0.39473684210526316, 0.7894736842105263, 1.0, 1.0, 1.0, 1.0, 1.0, 1.0, 1.0, 1.0, 1.0, 1.0, 1.0], [0, 0, 0, 0, 0, 0, 0, 0, 0, 0, 0, 0, 0, 0, 0, 0, 0, 0, 0, 0, 0, 0, 0, 0]], "18": [[1.0, 1.0, 1.0, 1.0, 1.0, 1.0, 0, 1.0, 1.0, 0.6052631578947368, 0.21052631578947367, 0.0, 0.0, 0.0, 0.0, 0.39473684210526316, 0.0, 0.2744826578947368, 0.6692195, 1.0, 1.0, 1.0, 0.6052631578947368, 0.21052631578947367], [0, 0, 0, 0, 0, 0, 0.6004806444444444, 0, 0, 0, 0, 0, 0, 0, 0, 0, 0, 0, 0, 0, 0, 0, 0, 0]], "19": [[0.8497491381578949, 0.4550122960526317, 0.26285990789473673, 0.0, 0.39473684210526316, 0.7894736842105263, 0.39473684210526316, 0.0, 0.0, 0.0, 0.0, 0.0, 0.0, 0.0, 0.0, 0.0, 0.0, 0.39473684210526316, 0.7894736842105263, 1.0, 1.0, 0.6052631578947368, 0.21052631578947367, 0.0], [0, 0, 0, 0, 0, 0, 0, 0, 0, 0, 0, 0, 0, 0, 0, 0, 0, 0, 0, 0, 0, 0, 0, 0]]}, "cluster_5_dispatch": {"0": [[1.0, 1.0, 1.0, 1.0, 1.0, 1.0, 1.0, 1.0, 1.0, 1.0, 0.6052631578947368, 0.21052631578947367, 0.0, 0.0, 0.0, 0.0, 0.0, 0.39473684210526316, 0.7894736842105263, 1.0, 0.6585714934210527, 0.5638031447368421, 0.49900699342105265, 0.6654018552631578], [0, 0, 0, 0, 0, 0, 0, 0, 0, 0, 0, 0, 0, 0, 0, 0, 0, 0, 0, 0, 0, 0, 0, 0]], "1": [[0.0, 0.0, 0.0, 0.0, 0.0, 0.0, 0.1497412236842106, 0.0, 0.0, 0.0, 0.0, 0.0, 0.0, 0.0, 0.0, 0.0, 0.0, 0.0, 0.0, 0.0, 0.0, 0.0, 0.0, 0.0], [0, 0, 0, 0, 0, 0, 0, 0, 0, 0, 0, 0, 0, 0, 0, 0, 0, 0, 0, 0, 0, 0, 0, 0]], "2": [[0.0, 0.0, 0.0, 0.0, 0.39473684210526316, 0.0, 0.0, 0.0, 0.0, 0.0, 0.0, 0.0, 0.0, 0.0, 0.0, 0.0, 0.0, 0.0, 0.0, 0.39473684210526316, 0.7894736842105263, 1.0, 1.0, 1.0], [0, 0, 0, 0, 0, 0, 0, 0, 0, 0, 0, 0, 0, 0, 0, 0, 0, 0, 0, 0, 0, 0, 0, 0]],