{"xm_inputs": [52.24511646878932, 81.234375, 12.5625, 756.25], "xstd_inputs": [10.396175209391927, 43.27735485631458, 2.499218627891526, 249.92186278915256], "xmin": [-1.1088813691390498, -1.5304626454159493, -1.0253204627247283, -1.0253204627247285], "xmax": [1.7767952759503811, 1.5889516637121004, 0.9753048303966928, 0.9753048303966929], "y_mean": 98131069.42038189, "y_std": 8089960.899734283}