{"xm_inputs": [310.44715657822, 0.22494126589271207, 0.750120923161968, 6.212571402248019, 1.165952644186475, 17.505643080891836, 1.1712387138382163, 69.50348359310736], "xstd_inputs": [99.27836571567678, 0.16725950740977535, 0.2041135305654451, 5.463704170318627, 0.62292240275243, 8.539123773685372, 1.0276620859761474, 46.15139813573824], "xmin": [177.5, 0.0, 0.5, 1.0, 0.5, 5.0, 0.0, 0.0], "xmax": [443.75, 0.45, 1.0, 16.0, 2.0, 30.0, 2.5, 135.2230393], "zm_zones": [2706.8090565690068, 988.7167864381795, 64.04546710889994, 135.1355951722867, 83.44483600515939, 66.60374055647688, 184.9292887414778, 64.48749309010503, 119.43444812972176, 70.09316841717339, 4252.300119771513], "zstd_zones": [3096.9242228454345, 938.0960187774315, 39.47780286807727, 116.31064000996818, 85.35882945024127, 43.659031554905056, 191.22361035424706, 41.76011224348982, 96.96829329306047, 44.554400709423675, 2498.7487187616657]}