{"hyper_params": {"dtw_inertia": false, "init": "k-means++", "max_iter": 50, "max_iter_barycenter": 100, "metric": "dtw", "metric_params": null, "n_clusters": 10, "n_init": 1, "n_jobs": null, "random_state": null, "tol": 1e-06, "verbose": 0}, "model_params": {"cluster_centers_": [[[21.461767304985315, 20.74372640469208, 19.69469580058653, 18.692979193548386, 18.877284381231668, 20.652209152492677, 20.840322196480923, 17.33499144574779, 10.745862932551317, 9.36220670381232, 9.414029217008794, 10.640617190615835, 11.810162870967742, 13.584912791788865, 15.646469809384184, 18.557558117302055, 21.245964093841653, 26.71484409677421, 31.670512750733213, 33.83399907624637, 32.303742838709645, 29.321098897360738, 25.73707248680351, 23.433048266862176], [169.61343144868036, 165.7504472052786, 162.06894010557184, 158.24889127565984, 157.25745955718477, 164.33119836070384, 164.71081209384164, 148.5843024105572, 122.65001115835773, 99.71462717008798, 91.47282519941349, 91.92041083870969, 98.66630376539587, 105.98057639882698, 118.8697747243402, 133.55199718475075, 148.93426113489735, 166.7292472521994, 176.65517929325515, 177.22597560117302, 176.97947214076245, 176.97947214076245, 176.66061265102638, 174.57560705865103]], [[8.981493222222221, 6.374530999999999, 6.939100333333333, 5.743232888888888, 5.9101085555555555, 12.980322444444443, 20.70722766666666, 16.467287, 0.0, 0.0, 0.0, 0.0, 0.0, 0.0, 0.0, 0.0, 0.0, 0.0, 10000.0, 31.47169233333333, 29.94561766666666, 26.388113666666662, 23.76522788888889, 17.809986444444444], [113.81298733333334, 93.85794077777777, 65.924645, 59.166666666666664, 60.329053, 98.49638611111111, 139.0713538888889, 128.19444444444443, 59.166666666666664, 0.0, 0.0, 0.0, 0.0, 0.0, 0.0, 0.0, 0.0, 73.37797077777778, 162.1279707777778, 177.5, 177.5, 177.5, 177.5, 157.77777777777777]], [[11.965645166666665, 11.523817166666667, 13.038030166666667, 4.114946166666666, 3.095591333333333, 7.898301833333333, 14.005865666666667, 13.960055333333333, 0.0, 0.0, 0.0, 0.0, 0.0, 0.0, 0.0, 3.095591333333333, 0.0, 10000.0, 32.26698783333333, 29.953928999999995, 24.124459666666667, 20.231763333333333, 19.97014933333333, 16.06669283333333], [153.74404149999998, 130.2379011666667, 98.62844150000001, 61.5556695, 31.972336166666665, 58.19392033333333, 100.17991749999999, 118.33333333333333, 59.166666666666664, 0.0, 0.0, 0.0, 0.0, 0.0, 0.0, 14.791666666666666, 49.38999999999999, 138.14, 177.5, 177.5, 177.5, 173.18283599999998, 162.51160033333332, 159.03122816666666]], [[5.0, 2.5, 0.0, 0.0, 0.0, 0.0, 10000.0, 0.0, 0.0, 0.0, 0.0, 0.0, 0.0, 0.0, 2.5, 2.5, 19.2319355, 24.990965, 36.123987, 31.457366999999998, 28.001773999999997, 20.054354500000002, 9.286774, 2.5], [83.01973749999999, 23.073788, 0.0, 0.0, 0.0, 63.4213565, 152.1713565, 63.4213565, 0.0, 0.0, 0.0, 0.0, 0.0, 0.0, 20.651587, 59.1628595, 133.125, 177.5, 177.5, 177.5, 177.5, 177.5, 133.125, 55.7637055]], [[0.0, 0.0, 8.107142999999999, 0.0, 0.0, 10000.0, 5.0, 0.0, 0.0, 0.0, 0.0, 0.0, 0.0, 0.0, 0.0, 0.0, 21.843871, 27.274839, 36.123987, 36.123987, 22.51634, 18.463399, 0.0, 0.0], [0.0, 0.0, 88.75, 0.0, 9.479157, 98.229157, 71.484841, 0.0, 0.0, 0.0, 0.0, 0.0, 0.0, 0.0, 0.0, 0.0, 88.75, 177.5, 177.5, 177.5, 177.5, 177.5, 88.75, 0.0]], [[5.0, 0.0, 20.419032, 23.129011, 26.324188, 23.129011, 19.034194, 0.0, 0.0, 0.0, 0.0, 0.0, 0.0, 0.0, 0.0, 10000.0, 20.419032, 23.07, 25.908442, 27.75487, 36.123987, 32.462075, 23.206645, 22.732415], [91.181981, 2.431981, 91.181981, 177.5, 177.5, 177.5, 177.5, 88.75, 0.0, 0.0, 0.0, 0.0, 0.0, 0.0, 39.613052, 128.363052, 177.5, 177.5, 177.5, 177.5, 177.5, 177.5, 177.5, 177.5]], [[5.0, 18.463399, 18.573548, 18.573548, 5.0, 5.0, 20.419032, 10000.0, 0.0, 0.0, 0.0, 0.0, 0.0, 0.0, 0.0, 0.0, 0.0, 23.657742, 27.274839, 107.135, 23.07, 22.51634, 24.617429, 19.689677], [20.646351, 109.396351, 177.5, 177.5, 108.487441, 98.021761, 177.5, 177.5, 88.75, 0.0, 0.0, 0.0, 0.0, 0.0, 0.0, 0.0, 0.0, 88.75, 177.5, 177.5, 177.5, 177.5, 177.5, 177.5]], [[5.0, 0.0, 5.0, 0.0, 0.0, 0.0, 0.0, 0.0, 0.0, 0.0, 0.0, 0.0, 0.0, 0.0, 10000.0, 5.0, 21.843871, 23.07, 25.908442, 27.274839, 36.123987, 33.947002000000005, 25.908442, 24.617429], [15.759327, 0.0, 31.212134, 0.0, 0.0, 0.0, 0.0, 0.0, 0.0, 0.0, 0.0, 0.0, 0.0, 71.809286, 160.559286, 157.793277, 177.5, 177.5, 177.5, 177.5, 177.5, 177.5, 177.5, 177.5]], [[14.191503, 19.034194, 20.419032, 0.0, 0.0, 8.107142999999999, 20.419032, 0.0, 0.0, 0.0, 0.0, 0.0, 0.0, 0.0, 0.0, 0.0, 10000.0, 19.689677, 33.035160999999995, 33.752674, 36.123987, 26.790747, 22.732415, 22.576985], [177.5, 177.5, 177.5, 88.75, 0.0, 88.75, 177.5, 88.75, 0.0, 0.0, 0.0, 0.0, 0.0, 0.0, 0.0, 63.00240600000001, 151.752406, 177.5, 177.5, 177.5, 177.5, 177.5, 177.5, 177.5]], [[5.0, 0.0, 0.0, 0.0, 0.0, 0.0, 10000.0, 36.123987, 18.573548, 0.0, 0.0, 0.0, 0.0, 0.0, 0.0, 0.0, 0.0, 10000.0, 36.123987, 26.324188, 26.324188, 23.129011, 26.324188, 18.573548], [132.28613, 43.53613, 0.0, 0.0, 0.0, 56.473096, 145.223096, 177.5, 177.5, 88.75, 0.0, 0.0, 0.0, 0.0, 0.0, 0.0, 75.373176, 164.123176, 177.5, 177.5, 177.5, 177.5, 177.5, 177.5]]], "inertia_": 67595.7893064738, "labels_": [0, 0, 0, 0, 0, 0, 0, 0, 0, 0, 2, 0, 0, 0, 0, 0, 0, 0, 0, 0, 0, 0, 0, 1, 1, 1, 0, 1, 2, 0, 0, 0, 0, 0, 0, 0, 0, 0, 0, 0, 0, 0, 0, 0, 0, 0, 0, 0, 1, 1, 0, 0, 0, 0, 0, 0, 0, 0, 0, 0, 0, 0, 0, 0, 0, 0, 0, 0, 0, 0, 1, 0, 0, 0, 0, 0, 0, 0, 0, 0, 0, 0, 0, 0, 0, 8, 0, 1, 0, 0, 0, 0, 0, 0, 0, 0, 0, 0, 1, 0, 0, 5, 0, 0, 0, 0, 0, 0, 7, 0, 0, 0, 0, 0, 0, 0, 0, 0, 0, 0, 0, 0, 0, 0, 0, 0, 0, 0, 0, 0, 0, 0, 0, 0, 0, 0, 0, 0, 0, 0, 0, 0, 0, 0, 0, 0, 0, 0, 0, 0, 0, 0, 0, 0, 0, 0, 0, 0, 0, 0, 0, 0, 0, 0, 0, 0, 0, 0, 0, 0, 0, 0, 0, 0, 0, 0, 0, 0, 0, 0, 0, 0, 0, 0, 0, 0, 0, 0, 0, 0, 0, 0, 0, 0, 0, 0, 0, 0, 0, 0, 0, 0, 0, 0, 0, 0, 0, 0, 0, 0, 0, 0, 0, 0, 0, 0, 0, 0, 0, 0, 0, 0, 0, 0, 0, 0, 0, 0, 0, 0, 0, 0, 0, 0, 0, 0, 0, 0, 0, 0, 0, 0, 0, 0, 0, 0, 0, 0, 0, 0, 0, 0, 0, 0, 0, 0, 0, 0, 0, 0, 0, 0, 0, 0, 0, 0, 0, 0, 0, 0, 0, 0, 0, 0, 0, 0, 0, 0, 0, 0, 0, 0, 0, 0, 0, 0, 0, 0, 0, 0, 0, 0, 0, 0, 0, 0, 0, 0, 0, 0, 0, 0, 0, 0, 0, 0, 0, 0, 0, 0, 0, 0, 3, 3, 0, 0, 0, 0, 2, 9, 0, 2, 0, 0, 0, 0, 0, 0, 2, 2, 4, 0, 0, 0, 0, 0, 0, 0, 0, 0, 0, 0, 0, 0, 0, 0, 0, 0, 0, 6, 0, 0, 0, 0, 0, 0, 0, 0, 0, 0, 0, 0, 0, 0], "n_iter_": 3}}