{"xm_inputs": [29.83240223463687, 276.81284916201133, 12.458100558659218, 743.0167597765363], "xstd_inputs": [10.274166787035147, 97.89771541798633, 2.4996488627035847, 249.9024496798332], "xmin": [-1.4436598647934844, -1.5297890101171454, -0.9833783437888839, -0.9724464889715223], "xmax": [1.476284946483733, 1.4983715422948314, 1.0169026055089592, 1.028334218222759], "y_mean": 20279768.548746653, "y_std": 5923924.445016046}