{"xm_inputs": [29.692737430167597, 273.263966480447, 12.486033519553073, 751.3966480446927], "xstd_inputs": [9.946252363674223, 97.99144230916941, 2.4999609871803816, 249.99609871803867], "xmin": [-1.4772134159624304, -1.492109545843119, -0.9944289260117549, -1.0056022847309856], "xmax": [1.5389980075045855, 1.5331546304375079, 1.0056022847309876, 0.9944289260117527], "y_mean": -1272796633.1173184, "y_std": 177973615.9522157}