{"R2": [0.9892530536642506, 0.9546746519249153, 0.9782636131497561, 0.9710053897420181, 0.9843484247087291, 0.9808939475924617, 0.9759768032209061, 0.9671736717644438, 0.9645690604165725, 0.9791797100440681, 0.9706379704036828, 0.9738727311200871, 0.9639172951644337, 0.954438921013002, 0.9875681861784805, 0.9819581298865002, 0.9742044140261013, 0.9138522763156666, 0.9872102758840708, 0.9630527481001616, 0.9670687770350836, 0.9645852246796135, 0.9406034363394692, 0.9093469339424751, 0.9718805722684773, 0.9439418755370795, 0.9794008996993604, 0.9762791511901885, 0.9762367788718709, 0.9546518566925607, 0.9487942073329987, 0.9948657238910508], "CV": [0.9631229674258321, 0.9672223608852172, 0.9647137533071081, 0.9661243293417809, 0.9556600074599456]}