{"xm_inputs": [27.58169934640523, 0.2467320261437908, 12.450980392156863, 754.9019607843137], "xstd_inputs": [8.595951607607287, 0.14548467594599254, 2.499519369408228, 249.95193694082292], "xmin": [-1.463677312383962, -1.3522525645025496, -0.9805806756909202, -1.0198039027185564], "xmax": [1.4446685161192347, 1.7408567067931502, 1.0198039027185568, 0.9805806756909198], "ws_mean": [0.37633486910246816, 0.0328583163684417, 0.04816243437265616, 0.03860852173291901, 0.0306260937890639, 0.015571984713739764, 0.02244723025822349, 0.014607664559448532, 0.03750133933354759, 0.014929104610878962, 0.018000642880102852, 0.013536197721347185, 0.03325118754241221, 0.024322297224900875, 0.027429551055394814, 0.01673274045501625, 0.016250580377870638, 0.014946962391513965, 0.02144719454266224, 0.01587556698453515, 0.011196828458159216, 0.010964677309903923, 0.025125897353476898, 0.021161470052501876, 0.03250116075574125, 0.01773277617057751, 0.047876709882495795], "ws_std": [0.3138862432409574, 0.03549225702346025, 0.03276884742720161, 0.05402853750047718, 0.04532647373334209, 0.016761598671748732, 0.01816649826712377, 0.009450934102371883, 0.03869427105715018, 0.024865470272599246, 0.01944454020314394, 0.01523759541035043, 0.04252410425337185, 0.013608472492410607, 0.030758097458090616, 0.023813630026096117, 0.023693405625271766, 0.006248130960619927, 0.03133936202131755, 0.018877253726893937, 0.018548759063017724, 0.015462157068351235, 0.010505840258656616, 0.026745816911465187, 0.0196656898795968, 0.01295965605954321, 0.08533281383187447]}