{"xm_inputs": [27.58169934640523, 0.2467320261437908, 12.450980392156863, 754.9019607843137], "xstd_inputs": [8.595951607607287, 0.14548467594599254, 2.499519369408228, 249.95193694082292], "xmin": [-1.463677312383962, -1.3522525645025496, -0.9805806756909202, -1.0198039027185564], "xmax": [1.4446685161192347, 1.7408567067931502, 1.0198039027185568, 0.9805806756909198], "ws_mean": [0.37633486910246816, 0.15455909139612128, 0.17486338797814208, 0.049126754526947425, 0.08843172970463226, 0.10880745740919316, 0.047876709882495795], "ws_std": [0.3138862432409574, 0.13852046192803544, 0.10684934098450156, 0.01629334353821524, 0.1252053306497142, 0.14344296059753503, 0.08533281383187447]}