{"xm_inputs": [27.58169934640523, 0.2467320261437908, 12.450980392156863, 754.9019607843137], "xstd_inputs": [8.595951607607287, 0.14548467594599254, 2.499519369408228, 249.95193694082292], "xmin": [-1.463677312383962, -1.3522525645025496, -0.9805806756909202, -1.0198039027185564], "xmax": [1.4446685161192347, 1.7408567067931502, 1.0198039027185568, 0.9805806756909198], "ws_mean": [0.37633486910246816, 0.05705560912889744, 0.11678988535304828, 0.05494839101396478, 0.1025572341869352, 0.03834065502339368, 0.04646594521232901, 0.05226972391871138, 0.03651916139862133, 0.02191149683917281, 0.048930318939962116, 0.047876709882495795], "ws_std": [0.3138862432409574, 0.053251955750332584, 0.06963739044162266, 0.05065582261652826, 0.13549564431934907, 0.05766622732488338, 0.016791879182558072, 0.07556693271230028, 0.03346552855615821, 0.01529235068311094, 0.05202791371949146, 0.08533281383187447]}