{"xm_inputs": [27.58169934640523, 0.2467320261437908, 12.450980392156863, 754.9019607843137], "xstd_inputs": [8.595951607607287, 0.14548467594599254, 2.499519369408228, 249.95193694082292], "xmin": [-1.463677312383962, -1.3522525645025496, -0.9805806756909202, -1.0198039027185564], "xmax": [1.4446685161192347, 1.7408567067931502, 1.0198039027185568, 0.9805806756909198], "ws_mean": [0.37633486910246816, 0.012500446444515858, 0.04339440694310509, 0.0323761562912961, 0.029340333583342253, 0.024733026179506408, 0.02257223472266864, 0.03705489481767206, 0.027215257687774556, 0.020340012143290818, 0.03046537376334868, 0.02675095539126396, 0.06685953069752487, 0.017732776170577516, 0.013964784456587736, 0.038483517268473835, 0.025054466230936816, 0.02559019964998747, 0.024000857173470475, 0.029143897996356992, 0.028215293403335822, 0.047876709882495795], "ws_std": [0.3138862432409574, 0.014303937374593094, 0.02672466841130577, 0.036471062166247646, 0.04196972061850665, 0.03942695470274799, 0.010212464896668891, 0.054132415065643806, 0.027859786152388877, 0.014198474210743953, 0.028510493473860983, 0.010660721125921759, 0.04214060140331334, 0.024231619928336764, 0.020351869451903225, 0.043152993432376406, 0.03754298436507323, 0.0312879120904045, 0.02877481995694417, 0.03529381513691011, 0.027887701914345264, 0.08533281383187447]}