{"xm_inputs": [27.58169934640523, 0.2467320261437908, 12.450980392156863, 754.9019607843137], "xstd_inputs": [8.595951607607287, 0.14548467594599254, 2.499519369408228, 249.95193694082292], "xmin": [-1.463677312383962, -1.3522525645025496, -0.9805806756909202, -1.0198039027185564], "xmax": [1.4446685161192347, 1.7408567067931502, 1.0198039027185568, 0.9805806756909198], "ws_mean": [0.37633486910246816, 0.02975106253794779, 0.03816207721704343, 0.03712632594021214, 0.03060823600842888, 0.01208971748991035, 0.021250758955676977, 0.01650058930676094, 0.032626165220186416, 0.014982677952784029, 0.01660773599057108, 0.013196899889281757, 0.02210793242615805, 0.01757205614486231, 0.018232794028358118, 0.01571484695881996, 0.016250580377870638, 0.011411121825779478, 0.022679381406478807, 0.014411228972463289, 0.011321832922604375, 0.010893246187363832, 0.02019714989821063, 0.010482517232758308, 0.027125968784599414, 0.015893424765170173, 0.022054359084252982, 0.013054037644201563, 0.011571841851494695, 0.016482731526125914, 0.015429122468659566, 0.047876709882495795], "ws_std": [0.3138862432409574, 0.033250228464099765, 0.026293009307968504, 0.05185711322167559, 0.04531431453262432, 0.012882529181961951, 0.017505252855619335, 0.008823840047107375, 0.03519446456033909, 0.024670599889592727, 0.01841614310645111, 0.014866277931954348, 0.028853421353985578, 0.011087481684582906, 0.019714423669528185, 0.022394397418104686, 0.023693405625271766, 0.004098273116662441, 0.03316137453760252, 0.016607044707256227, 0.01886346370453379, 0.015452687491311992, 0.010446114811191565, 0.013901797635809194, 0.01726072514592379, 0.011773330186987493, 0.024802753747554078, 0.008550539589699587, 0.012931943374486912, 0.019641496828367636, 0.014465992784088862, 0.08533281383187447]}