{"xm_inputs": [27.58169934640523, 0.2467320261437908, 12.450980392156863, 754.9019607843137], "xstd_inputs": [8.595951607607287, 0.14548467594599254, 2.499519369408228, 249.95193694082292], "xmin": [-1.463677312383962, -1.3522525645025496, -0.9805806756909202, -1.0198039027185564], "xmax": [1.4446685161192347, 1.7408567067931502, 1.0198039027185568, 0.9805806756909198], "ws_mean": [0.37633486910246816, 0.03603700132147575, 0.043019393549769615, 0.04501946498089215, 0.07052037572770453, 0.033090467516697, 0.024983035108396712, 0.04932319011393262, 0.015357691346119483, 0.015821993642630077, 0.04026929533197613, 0.027822422229365318, 0.07412764741597912, 0.007928854601950069, 0.03926925961641487, 0.05319832851173258, 0.047876709882495795], "ws_std": [0.3138862432409574, 0.038784345133682625, 0.026446788304846224, 0.050987550780215524, 0.09079930060530164, 0.051328486885703815, 0.009242639362635483, 0.07120138777236451, 0.009485390106945345, 0.011790788146536686, 0.04781894864764906, 0.011897008393456138, 0.046352600171021364, 0.005262200431933432, 0.05860492651268131, 0.05413802900795905, 0.08533281383187447]}