{"xm_inputs": [27.58169934640523, 0.2467320261437908, 12.450980392156863, 754.9019607843137], "xstd_inputs": [8.595951607607287, 0.14548467594599254, 2.499519369408228, 249.95193694082292], "xmin": [-1.463677312383962, -1.3522525645025496, -0.9805806756909202, -1.0198039027185564], "xmax": [1.4446685161192347, 1.7408567067931502, 1.0198039027185568, 0.9805806756909198], "ws_mean": [0.37633486910246816, 0.008821743633701192, 0.022536519161398604, 0.008339583556555591, 0.03801921497196327, 0.03209043180113573, 0.019429265330904673, 0.021518625665202337, 0.01707203828708167, 0.0186078074216936, 0.014768384585163753, 0.014857673488338868, 0.020857887781706486, 0.013125468766741654, 0.018607807421693625, 0.016054144790885395, 0.022357941355048396, 0.0310189649630344, 0.01814350512518304, 0.00962534376227722, 0.009071752562591517, 0.020822172220436447, 0.01805421622200792, 0.018750669666773793, 0.012393299760705722, 0.021107896710596784, 0.03414407657416334, 0.016929176042001476, 0.014464802314368357, 0.03419764991606842, 0.0100003571556127, 0.047876709882495795], "ws_std": [0.3138862432409574, 0.009984048632862471, 0.026983289725925803, 0.011741596012530962, 0.055697166768609585, 0.03695318102244745, 0.00787526101310216, 0.03486027232998108, 0.013950230317078729, 0.01171230829565067, 0.0218812108271892, 0.0253855245377263, 0.019800663361099195, 0.011401182534663401, 0.020371509325844427, 0.02278756370607111, 0.01649562162215116, 0.044169392891436524, 0.021319153740192418, 0.013548537053734443, 0.0051958470213702874, 0.027438246044399546, 0.011482955643931994, 0.01387228905627778, 0.01136675442593527, 0.012018591511308215, 0.04395973365847131, 0.020177316602664194, 0.007190811844235518, 0.024680486551445086, 0.010478424659581124, 0.08533281383187447]}