{"xm_inputs": [27.941176470588236, 0.24477124183006543, 12.38562091503268, 745.0980392156863], "xstd_inputs": [8.527721265875543, 0.1409773771649696, 2.497382114319323, 249.9519369408229], "xmin": [-1.5175421507236098, -1.3815779931992, -0.9552486587271392, -0.9805806756909199], "xmax": [1.4140733677197272, 1.8104235112224403, 1.0468478451804262, 1.0198039027185564], "ws_mean": [0.4076931318975678, 0.0076431301117897005, 0.020697167755991265, 0.007535983427979573, 0.03603700132147576, 0.027875995571270344, 0.01885781635058394, 0.01900067859566413, 0.015536269152469712, 0.018947105253759037, 0.014268366727383115, 0.015036251294689093, 0.017982785099467827, 0.01385763777277759, 0.01735776277724203, 0.014821957927068821, 0.023875852709025328, 0.028929604628736748, 0.017143469409621775, 0.009286045930211793, 0.008536019143540838, 0.0188221007893139, 0.018304225150898246, 0.01969713204042999, 0.01101825065180898, 0.021161470052501852, 0.02894746240937173, 0.014571948998178477, 0.014232651166113063, 0.03476909889638915, 0.008768170291796135, 0.04878745669488197], "ws_std": [0.31552132396641536, 0.009221188002576559, 0.02439332307965305, 0.011219860389257657, 0.054744499616264486, 0.03407897183480033, 0.007579823290214501, 0.032696489356154934, 0.013725235082555616, 0.011682783379798741, 0.022034055491286324, 0.026373989297634747, 0.018634968443415344, 0.011579720843971651, 0.020368440865317024, 0.022081548327868336, 0.0169689889991799, 0.04314460497475224, 0.02138227447631405, 0.013571043862817645, 0.004991497262386193, 0.0266086923938196, 0.011246177500145796, 0.013810935540634424, 0.010979819791479146, 0.011752970492490803, 0.03983771084215839, 0.0185414851913047, 0.007024489158539951, 0.024887455474730688, 0.010245293717556737, 0.08833245366929106]}