{"xm_inputs": [309.96630859375, 0.22256835937499866, 0.752197265625, 6.2599609375, 1.1845703125, 17.564453125, 1.16494140625, 69.15634788446849], "xstd_inputs": [98.77268127402951, 0.16618697470430924, 0.20320324491140193, 5.465677565359552, 0.6292947836615621, 8.61592287829213, 1.0179019651367387, 46.151842906263816], "xmin": [-1.3411229389049664, -1.3392647635051236, -1.241108456387888, -0.962362099593407, -1.0878372589024436, -1.458282914376615, -1.1444534406547777, -1.4984525758793146], "xmax": [1.3544604609354267, 1.3685286769896536, 1.2194821715718358, 1.7820368922291638, 1.29578332551147, 1.443321516529754, 1.3115787565756947, 1.4315071133717354], "ws_mean": [0.17800051510989018, 0.019148137019231026, 0.02194046188186827, 0.06783085078983514, 0.02353622939560495, 0.027320140796703668, 0.029625257554945144, 0.018958726820055467, 0.012363173935439689, 0.01786411830357184, 0.02689517513736276, 0.02154876373626431, 0.026871565934066304, 0.025550523695055387, 0.024688787774725555, 0.01631449605082453, 0.037288053743131835, 0.021724759615384774, 0.021760173420330105, 0.021970509958791396, 0.04085626287774744, 0.03130151098901123, 0.014149961366758505, 0.015070183722527877, 0.03983784769917602, 0.017053356799450727, 0.03517181061126381, 0.019528567135989754, 0.013814603365384957, 0.014800824175824434, 0.01722774296016513, 0.0799869076236266], "ws_std": [0.342891059819864, 0.02141613611538624, 0.06099089915184529, 0.058698227068888005, 0.03234337968089461, 0.050773658446856475, 0.03208077997343059, 0.03514705659419144, 0.02410912396165349, 0.013415839446490161, 0.031052954724614088, 0.04137174811241055, 0.061910682707781446, 0.029442033910701285, 0.027620307183934684, 0.021317972841253127, 0.05990327695293243, 0.031390313942552275, 0.04093555328448882, 0.027990269716858945, 0.03404886966644132, 0.027844012461422027, 0.015353140896447825, 0.024364175380203742, 0.029848335213369694, 0.017310201155982297, 0.04275410996651662, 0.042969360457783094, 0.028463047784205678, 0.01775138072143981, 0.020623533918329728, 0.07632322605658153]}