{"surrogate": {"revenue": " revenue == 0.50237487760514998313965 * pmax - 0.21845058213172278971381E-001 * pmin_multi - 0.24885637853516797551867E-001 * ramp_multi - 0.31423734850130113915867E-001 * min_up_time - 0.28337731903940673733322E-001 * min_down_multi - 0.69840410320978274505421 * marg_cst - 0.10053495117911873113492 * no_load_cst - 0.83534752936868780781587E-001 * startup_cst + 0.37221586080406765528750E-001 * pmax**2 + 0.49448380408924678952598E-001 * pmin_multi**2 + 0.47885650107405926256821E-001 * ramp_multi**2 + 0.42553554328611957469075E-001 * min_up_time**2 + 0.74679829944508890893218E-001 * min_down_multi**2 - 0.34428872219681772026689 * marg_cst**2 + 0.65432903067479133984996E-001 * no_load_cst**2"}, "input_labels": ["pmax", "pmin_multi", "ramp_multi", "min_up_time", "min_down_multi", "marg_cst", "no_load_cst", "startup_cst"], "output_labels": ["revenue"], "input_bounds": {"pmax": [-1.3391352246769175, 1.3427179472670396], "pmin_multi": [-1.3448638548337943, 1.3455661659693168], "ramp_multi": [-1.2254009935993513, 1.2242161318056917], "min_up_time": [-0.9540361702899515, 1.7913540507778272], "min_down_multi": [-1.0690780123558126, 1.3389265695505947], "marg_cst": [-1.464511279181818, 1.4631895789602505], "no_load_cst": [-1.1397119051304587, 1.292994364873966], "startup_cst": [-1.5059886894149361, 1.4239992364608651]}}