{"xm_inputs": [309.96630859375, 0.22256835937499866, 0.752197265625, 6.2599609375, 1.1845703125, 17.564453125, 1.16494140625, 69.15634788446849], "xstd_inputs": [98.77268127402951, 0.16618697470430924, 0.20320324491140193, 5.465677565359552, 0.6292947836615621, 8.61592287829213, 1.0179019651367387, 46.151842906263816], "xmin": [-1.3411229389049664, -1.3392647635051236, -1.241108456387888, -0.962362099593407, -1.0878372589024436, -1.458282914376615, -1.1444534406547777, -1.4984525758793146], "xmax": [1.3544604609354267, 1.3685286769896536, 1.2194821715718358, 1.7820368922291638, 1.29578332551147, 1.443321516529754, 1.3115787565756947, 1.4315071133717354], "ws_mean": [0.17800051510989018, 0.027979588770604625, 0.03818144745879151, 0.026633327609890213, 0.06043151184752774, 0.033514873798077126, 0.021127017513736576, 0.019824755322802458, 0.029437993646978224, 0.01627371651785771, 0.019869290865384952, 0.02548237894917596, 0.019259744162088314, 0.013993282108516723, 0.03959263392857086, 0.030414019574175867, 0.029509357829670534, 0.015842311984890355, 0.03372252747252765, 0.01815655048076972, 0.029258778331043955, 0.012565461881868314, 0.00909222613324192, 0.0073193895947803785, 0.033058786916208886, 0.013687972184066245, 0.02179558722527493, 0.015707632211538862, 0.03185740041208837, 0.019639637706044263, 0.028783374828296814, 0.0799869076236266], "ws_std": [0.342891059819864, 0.05318647268724834, 0.03177640272210829, 0.032744909183368594, 0.05303763023785695, 0.03084876587600294, 0.04003097139854752, 0.049426989104151976, 0.028291117727255396, 0.0248554130479493, 0.02425668151383231, 0.06949437349698354, 0.03401336628497794, 0.013513943243810656, 0.06001788094440376, 0.03515878993186302, 0.031453907477287414, 0.016010450347796964, 0.042001953607433126, 0.013566689541074461, 0.030258254821421138, 0.025398164905493455, 0.013886664335036648, 0.016167662068116977, 0.025253676115661094, 0.025083213612526696, 0.03152098942825652, 0.032709176480052525, 0.028103080993230802, 0.02415703051111121, 0.06032227042898953, 0.07632322605658153]}