{"R2": 0.997970680833488, "CV": [0.9971077748039365, 0.9968770625248243, 0.9970214192309237, 0.9966661430990599, 0.9976913724617591]}