{"xm_inputs": [29.692737430167597, 273.263966480447, 12.486033519553073, 751.3966480446927], "xstd_inputs": [9.946252363674223, 97.99144230916941, 2.4999609871803816, 249.99609871803867], "xmin": [-1.4772134159624304, -1.492109545843119, -0.9944289260117549, -1.0056022847309856], "xmax": [1.5389980075045855, 1.5331546304375079, 1.0056022847309876, 0.9944289260117527], "ws_mean": [0.03347376133345541, 0.2666910889275573, 0.02030100436547911, 0.015614983057056482, 0.022361632628140563, 0.08063925267881665, 0.03158103611441821, 0.03026833959153766, 0.016805568275483088, 0.023918551759929168, 0.020331532191592606, 0.046295448301126474, 0.04113624568794457, 0.016179747840156255, 0.010974753487804141, 0.015614983057056499, 0.03780871264157281, 0.01092896174863389, 0.01941569740818754, 0.01112739261837165, 0.05243154134994045, 0.018835668712030976, 0.013615410446622084, 0.018469334798668968, 0.008089873920078126, 0.017171902188845085, 0.008196721311475383, 0.0054492169612601945, 0.008227249137588885, 0.07804438745916903], "ws_std": [0.001603946045102651, 0.02155495848125175, 0.0014989753270679164, 0.002278365925700802, 0.0024752965934132388, 0.007868898790683126, 0.001445968780143484, 0.008515895641686732, 0.0042195817013853795, 0.004759551457291831, 0.00250225773281697, 0.002411505041137042, 0.005196280809266966, 0.000733621201007291, 0.0007348904427884541, 0.0034443722459488535, 0.004531146002708085, 1.0408340855860843e-17, 0.0068799791705350805, 0.0010424258069398232, 0.004462704598493058, 0.0022830650667995524, 0.0003507380191432691, 0.003297146549757452, 0.0007285221213042551, 0.0022965976252622765, 2.7755575615628914e-17, 0.00020364600030720623, 0.0002871888103646055, 0.006340644916696179]}