{"surrogate": {"nstartups": " nstartups ==  - 0.14642290354248807884852E-001 * pmax + 0.85110775165364929706335E-001 * pmin_multi + 0.16848829600390254068731E-001 * ramp_multi - 0.19255545509233124024107 * min_up_time - 0.55531886819054118720196E-001 * min_down_multi + 0.22956570887011831794133 * marg_cst + 0.64980363808644997503094E-001 * no_load_cst + 0.78806632466992349028700E-001 * startup_cst + 0.62673925800684959427911E-002 * pmax**2 - 0.17344940711082883211258E-001 * pmin_multi**2 - 0.10223870473090767435620E-001 * ramp_multi**2 + 0.21924875350175895144522E-001 * min_up_time**2 - 0.23306938411803999888772E-001 * marg_cst**2 - 0.38061980193355721135973 * startup_cst**3 + 0.24410068734313430938165 * min_up_time*startup_cst"}, "input_labels": ["pmax", "pmin_multi", "ramp_multi", "min_up_time", "min_down_multi", "marg_cst", "no_load_cst", "startup_cst"], "output_labels": ["nstartups"], "input_bounds": {"pmax": [-1.3391352246769175, 1.3427179472670396], "pmin_multi": [-1.3448638548337943, 1.3455661659693168], "ramp_multi": [-1.2254009935993513, 1.2242161318056917], "min_up_time": [-0.9540361702899515, 1.7913540507778272], "min_down_multi": [-1.0690780123558126, 1.3389265695505947], "marg_cst": [-1.464511279181818, 1.4631895789602505], "no_load_cst": [-1.1397119051304587, 1.292994364873966], "startup_cst": [-1.5059886894149361, 1.4239992364608651]}}