{"xm_inputs": [310.625, 69.890625, 180.55078125, 6.2, 7.233333333333333, 17.5, 1.1666666666666667, 0.4805599999996648, 1.0694399999993038, 2.788880000001518, 56.40024000003119, 69.48420000005224, 95.60062000003515], "xstd_inputs": [99.22551650155317, 59.06835908438523, 88.28553460109416, 5.45527267879495, 8.187117251443368, 8.539125638299666, 1.0274023338285612, 0.3430940197672174, 0.8407125872736567, 2.5122990700944205, 35.98061491240439, 46.11660913824489, 54.38183796479564], "xmin": [177.5, 0.0, 48.8125, 1.0, 0.5, 5.0, 0.0, 0.1111, 0.2222, 0.4444, 0.0, 0.0, 0.0], "xmax": [443.75, 199.6875, 443.75, 16.0, 32.0, 30.0, 2.5, 1.0, 2.5, 7.5, 94.0002, 135.223, 147.0002], "zm_revenue": 37.65526196534326, "zstd_revenue": 22.799865157799136, "zm_zones": [2705.1428240740743, 986.6129783950618, 64.19341049382716, 135.53672839506171, 83.43731481481481, 66.67058641975309, 185.1096450617284, 64.59567901234568, 119.82171296296296, 70.2336574074074, 4254.645462962963], "zstd_zones": [3094.27583981912, 937.840731816656, 39.51330745252373, 116.65557067514399, 85.16306991868579, 43.61879874523253, 191.20066102747435, 41.76154656442362, 97.28799515237972, 44.57555577594611, 2496.779245140424]}