{"xm_inputs": [29.692737430167597, 273.263966480447, 12.486033519553073, 751.3966480446927], "xstd_inputs": [9.946252363674223, 97.99144230916941, 2.4999609871803816, 249.99609871803867], "xmin": [-1.4772134159624304, -1.492109545843119, -0.9944289260117549, -1.0056022847309856], "xmax": [1.5389980075045855, 1.5331546304375079, 1.0056022847309876, 0.9944289260117527], "ws_mean": [0.017400860884696338, 0.15065482187013435, 0.049180327868852465, 0.017812986537228653, 0.025429679152547537, 0.03904508959916961, 0.01877461305980395, 0.039441951338645136, 0.023750648716304945, 0.02295692523735386, 0.00776933174588637, 0.01927832219067675, 0.027337668284641424, 0.006044509570473492, 0.026956070458222653, 0.01486705131727568, 0.043334249168116776, 0.01544708001343221, 0.03440486002991725, 0.012134810880117213], "ws_std": [0.0013181871482360486, 0.0022878563943504043, 0.008255025615290505, 0.0044959414779150155, 0.0012605441781642123, 0.0012404218734261387, 0.00091430711798223, 0.004935179771407811, 0.0012605441781642131, 0.002132472996764944, 0.0020987741689728247, 0.0009887434588455367, 0.0006771399399462361, 0.001117293412665696, 0.002805904153146153, 0.0033189798638280396, 0.0022878563943504087, 0.0014225770436465176, 0.0020136798344220132, 0.002860019067009338]}