{"hyper_params": {"dtw_inertia": false, "init": "k-means++", "max_iter": 50, "max_iter_barycenter": 100, "metric": "euclidean", "metric_params": null, "n_clusters": 20, "n_init": 1, "n_jobs": null, "random_state": null, "tol": 1e-06, "verbose": 0}, "model_params": {"cluster_centers_": [[[177.5], [177.5], [177.5], [177.5], [177.5], [177.5], [177.5], [173.3171329047619], [172.71492366666666], [172.23211266666667], [127.0122282857143], [50.423423285714286], [11.450646142857144], [6.918135666666666], [38.61203747619047], [120.95805176190477], [172.01470385714288], [177.5], [177.5], [177.5], [177.5], [177.5], [177.5], [173.27380952380952]], [[176.67077767826086], [176.7546370869565], [176.72826086956522], [175.77462622608695], [174.63943632173914], [177.4613104347826], [175.7145877826087], [169.3036902347826], [169.5486910695652], [172.85589618260872], [174.54985814782606], [174.1051408], [173.82564560869565], [172.3936907652174], [176.68476489565217], [176.63698137391304], [177.5], [177.5], [177.5], [177.5], [177.5], [177.5], [177.5], [177.4823289304348]], [[150.85904192307692], [103.938305], [32.15377861538462], [14.547846153846155], [36.753543538461535], [98.3764733846154], [161.5758399230769], [170.67307692307693], [102.40384615384616], [27.307692307692307], [13.653846153846153], [6.826923076923077], [8.241581076923076], [1.4146580000000002], [0.0], [0.0], [18.65440923076923], [105.5017906923077], [175.59738146153848], [177.5], [177.5], [177.5], [177.5], [157.01923076923077]], [[168.614345], [174.5856852], [170.64106352], [173.48910360000002], [166.35400060000003], [172.09936436], [171.8020634], [167.82715632], [82.20631708], [3.1291607600000004], [0.0], [0.0], [0.0], [3.55], [0.0], [7.014442839999999], [29.19598156], [112.50111552], [172.05513396000003], [177.5], [177.5], [177.5], [177.5], [177.39044688]], [[177.5], [177.5], [177.5], [175.66667477419355], [174.0676897096774], [172.2727549032258], [167.4482412580645], [107.86456532258065], [28.855263], [31.265716903225805], [91.88136848387099], [149.79447987096776], [174.82813412903226], [177.5], [177.5], [177.5], [177.5], [177.5], [177.5], [177.5], [177.5], [177.5], [177.5], [177.5]], [[171.3272157692308], [170.45021815384615], [177.27714123076925], [177.5], [170.67307692307693], [173.48729323076924], [176.385751], [163.84615384615384], [78.31098592307693], [3.2148320769230767], [0.0], [2.1370477692307692], [16.364482307692306], [77.02482784615384], [151.35420584615383], [175.51542884615384], [177.5], [177.5], [177.5], [177.5], [177.5], [177.5], [177.5], [177.5]], [[88.11608485714285], [26.82375657142857], [0.6332742857142856], [0.0], [28.090286285714285], [105.94653128571427], [166.606245], [132.51518357142857], [51.52244985714286], [0.8081641428571429], [9.132688857142856], [0.0], [31.914972714285717], [82.78939728571427], [126.28048328571428], [162.480708], [177.5], [177.5], [177.5], [177.5], [177.5], [177.5], [164.82142857142858], [155.396773]], [[177.5], [177.5], [167.2803895333333], [145.7836284], [143.47401493333334], [145.56954946666667], [101.4952474], [26.3538264], [76.37208966666667], [143.18523933333333], [177.5], [171.58333333333334], [177.5], [177.5], [177.5], [177.5], [177.5], [177.5], [177.5], [177.5], [177.5], [177.5], [177.5], [177.5]], [[82.51833528571429], [20.351422285714282], [0.0], [50.714285714285715], [130.028697], [168.06441128571427], [177.5], [177.5], [139.46428571428572], [50.714285714285715], [59.818313428571436], [101.47720271428571], [151.168461], [151.92501657142859], [170.3532997142857], [177.5], [177.5], [177.5], [177.5], [177.5], [177.5], [177.5], [177.5], [177.5]], [[171.07020841666667], [167.4051845], [171.29183325], [168.00449583333332], [153.22002241666667], [169.23159058333334], [136.34947366666665], [53.73667916666667], [0.0], [0.0], [0.0], [7.395833333333333], [10.236270916666667], [2.8404375833333333], [0.12799549999999998], [27.408697999999998], [94.96177], [149.03523416666667], [169.71313999999998], [177.10897333333332], [177.5], [177.5], [177.5], [163.80967275]], [[155.639769875], [104.2583325], [63.659817125], [40.42605775], [18.0763915], [0.0], [13.673273375], [0.0], [0.0], [0.0], [0.0], [0.0], [0.0], [0.0], [0.0], [11.09375], [39.85454075], [110.320791625], [172.696165625], [166.40625], [155.3125], [152.074627], [134.9423595], [121.238330375]], [[172.56944444444446], [173.22718227777779], [177.5], [170.29032933333332], [168.72572649999998], [177.5], [177.5], [173.8242087222222], [125.08225516666668], [57.31401122222222], [27.57094872222222], [66.17486183333332], [145.5264888888889], [177.20067255555557], [176.1988163888889], [177.5], [177.5], [177.5], [177.5], [177.5], [177.5], [177.5], [177.5], [176.446179]], [[177.5], [177.5], [176.60040475], [177.5], [177.5], [177.5], [177.5], [177.5], [172.9736489375], [106.031378], [23.1691973125], [1.3614682500000002], [2.738797625], [0.0], [0.0], [5.4490024375], [77.55837743749998], [159.2089788125], [177.5], [177.5], [177.5], [177.5], [177.5], [177.5]], [[177.5], [174.9496016], [177.5], [142.0], [118.0354978], [153.53549779999997], [177.5], [177.5], [177.5], [177.5], [148.2106294], [84.671745], [25.2111156], [0.0], [0.0], [0.0], [17.75], [88.75], [159.75], [177.5], [177.5], [177.5], [177.5], [177.5]], [[177.5], [177.5], [177.5], [177.5], [177.5], [177.5], [177.5], [177.5], [177.5], [128.28922523076923], [41.2700523076923], [6.609337076923077], [28.685772846153846], [114.85324315384615], [170.2200323076923], [177.5], [177.5], [177.5], [177.5], [177.5], [177.5], [177.5], [177.5], [177.5]], [[16.412530875], [18.21164175], [18.753806875000002], [4.67629675], [14.495387625], [79.369440875], [140.372158375], [132.87330350000002], [55.46875], [0.0], [0.0], [0.0], [0.0], [0.0], [0.0], [0.0], [33.28125], [116.412070375], [171.88082037499998], [177.5], [177.5], [177.5], [166.40625], [122.03125]], [[141.12399], [141.8470295], [158.13687916666666], [162.70833333333334], [147.91666666666666], [154.8908965], [125.21085266666667], [36.46085266666667], [0.0], [0.0], [0.0], [0.0], [14.791666666666666], [30.577372666666665], [94.7831865], [167.7474805], [177.5], [177.5], [177.5], [177.5], [177.5], [177.5], [177.5], [177.5]], [[168.625], [169.2319487], [159.3596255], [104.94457830000002], [34.2911387], [69.3771964], [146.0039243], [151.91841019999998], [69.9870916], [6.8186814], [8.875], [17.75], [8.875], [0.0], [0.0], [26.250397099999997], [87.30399589999999], [149.8035988], [177.5], [177.5], [177.5], [177.5], [173.92996399999998], [166.0086439]], [[177.5], [177.5], [177.5], [177.10611570588233], [177.5], [177.5], [177.5], [177.5], [159.5975677647059], [75.99056747058823], [2.7920830588235295], [8.377352176470588], [4.389723294117647], [4.083545882352941], [51.67313647058824], [133.85567064705882], [168.26361323529412], [177.1365708235294], [177.5], [177.5], [177.5], [177.5], [177.5], [177.5]], [[114.87733175], [88.75], [117.59820975], [52.376132], [52.92915], [21.8794755], [0.0], [0.0], [0.0], [0.0], [0.0], [22.1875], [48.4832545], [88.623076], [151.07732149999998], [172.57331925], [177.5], [177.5], [177.5], [177.5], [177.5], [177.5], [177.5], [177.5]]], "inertia_": 11514.16293772799,