{"xm_inputs": [310.44715657822, 0.22494126589271207, 0.750120923161968, 6.212571402248019, 1.165952644186475, 17.505643080891836, 1.1712387138382163, 69.50348359310736], "xstd_inputs": [99.27836571567678, 0.16725950740977535, 0.2041135305654451, 5.463704170318627, 0.62292240275243, 8.539123773685372, 1.0276620859761474, 46.15139813573824], "xmin": [-1.3391352246769175, -1.3448638548337943, -1.2254009935993513, -0.9540361702899515, -1.0690780123558126, -1.464511279181818, -1.1397119051304587, -1.5059886894149361], "xmax": [1.3427179472670396, 1.3455661659693168, 1.2242161318056917, 1.7913540507778272, 1.3389265695505947, 1.4631895789602505, 1.292994364873966, 1.4239992364608651], "zm_nstartups": 64.05981665745347, "zstd_nstartups": 119.82118799180154, "input_labels": ["p_max", "p_min_multi", "ramp_multi", "min_up", "min_dn_multi", "marginal_cost", "no_load_cost", "repr_startup_cost"], "output_labels": ["# Startups"]}