{"X": ["X1", "X2", "X3", "X4", "X5", "X6", "X7", "X8"], "S1": [-0.00034952267559414444, 0.008542690346182448, 0.0006420286342236764, 0.05169813648102469, 0.009045993679344602, 0.12902036126125338, 0.008791785045479632, 0.37494130768091194], "S1_conf": [0.0011307260954856442, 0.0054501747691723095, 0.0011790793520962436, 0.014644959820277513, 0.007160153260844146, 0.014192240650146357, 0.0060735503226804965, 0.0299362547068823], "ST": [0.0013605741476716859, 0.03290402977542805, 0.0021502690115353367, 0.24547953839098047, 0.05867502897170963, 0.35761723792833466, 0.03475328378150527, 0.7619202524184481]}