{"market_inputs": [177.4999986713207, 0.15, 1.0, 4.0, 1.0, 17.54379723373763, 1.0, 61.09068702], "revenue_surrogate": 26.60164717761219, "revenue_rankine": 26.6016471870101, "scaled_dispatch_zones": [1817.4471355318767, 1369.1401756406153, 52.87625524340736, 81.72006975367846, 71.98569047756912, 57.24784325426446, 134.39951896449537, 50.99474190685172, 74.12088003992095, 49.27853060981559, 4976.789158577504], "dispatch_zones": [1848.4260564380884, 1392.4775725758363, 53.77754656406127, 83.11301237514756, 73.21270774155738, 58.22364957817498, 136.6903982899155, 51.863962279362156, 75.38429223792335, 50.11849765605875, 5061.619993376638], "operating_cost": [177.4999986713207, 501.89360672907037, 905.4350699461872, 1163.8109250809182, 1414.3186428765875, 1657.4641761573266, 1893.7110083343114, 2123.4845178927076, 2347.1758154841364, 2565.1451265074375, 2882.0903701346274], "capital_cost": 408.56932800235006, "total_revenue": 532.032943740202, "total_cost": 729.2444820314522, "net_revenue": -197.21153829125024, "opex_per_year": 16.0337577014551, "nstartups_per_year": 74.49126541107603, "start_cost_per_year": 0.8077532520724929, "pmax": 177.4999986713207, "solution_time": 111.70616483688354}