{"hyper_params": {"dtw_inertia": false, "init": "k-means++", "max_iter": 50, "max_iter_barycenter": 100, "metric": "euclidean", "metric_params": null, "n_clusters": 10, "n_init": 1, "n_jobs": null, "random_state": 0, "tol": 1e-06, "verbose": 0}, "model_params": {"cluster_centers_": [[[0.9972822308950477], [0.9758039472058154], [0.9771893765561108], [0.9584742285324852], [0.922261737664698], [0.8954282909586552], [0.5588265461154021], [0.18886534348023623], [0.13518672666969558], [0.4061608962289868], [0.777820981190368], [0.976914325215811], [1.0], [1.0], [1.0], [1.0], [1.0], [1.0], [1.0], [1.0], [1.0], [1.0], [1.0], [1.0]], [[0.9815385315895372], [0.9893778284909457], [0.9748066900603622], [0.9512289562173037], [0.9421158226961771], [0.9864266170623742], [1.0], [0.8561198904627767], [0.4636074779879276], [0.16913411484909457], [0.10979118253521127], [0.05804196756539236], [0.029211161529175047], [0.043059595814889336], [0.1728914731589537], [0.5777414968209256], [0.9430108643058349], [0.9804637247484909], [0.9947494390342052], [1.0], [1.0], [1.0], [1.0], [0.9877277820523139]], [[0.4413359654414291], [0.36668346932325663], [0.23895927736173136], [0.08626730539333564], [0.05624687997251803], [0.0725156243902439], [0.14995919587770526], [0.07046570326348334], [0.002698363517691515], [0.0], [0.0], [0.0], [0.0], [0.0024568720027481963], [0.01503022892476812], [0.052712449673651664], [0.25095298680865685], [0.6426025097904501], [0.9290868621779458], [0.9845515987633116], [0.9513703767777396], [0.9295364619718309], [0.7877871776709033], [0.6149606081758846]], [[0.9462471271939328], [0.7190825685807152], [0.4398935832069339], [0.1873314243770314], [0.08613428992416036], [0.07404419534127844], [0.03829230151679307], [0.006030079414951246], [0.05696620812567713], [0.15881647443120261], [0.3560733873239436], [0.6187643690140845], [0.8275965632719392], [0.9389130573131095], [0.9878889122426868], [1.0], [0.9807692307692307], [1.0], [1.0], [1.0], [1.0], [1.0], [1.0], [1.0]], [[0.8918032353677621], [0.8774905672143974], [0.8777252016431925], [0.8687030294992176], [0.8945597956964007], [0.9695834264475742], [0.9122083321596245], [0.8210100132237872], [0.8034567775430361], [0.8139931744131457], [0.9118587581377153], [0.942779232942097], [0.9418725762910799], [0.9687157316901409], [0.9554566191705791], [0.9671666389671363], [0.992817655399061], [0.9928597159624412], [1.0], [1.0], [1.0], [1.0], [1.0], [0.9878713055555556]], [[0.3633757593114241], [0.23081645414710486], [0.11326890508607199], [0.06017083012519561], [0.15117222652582163], [0.41971933740219103], [0.7773288677621283], [0.9239112189358372], [0.5227244792644756], [0.1058451424882629], [0.03502543255086072], [0.0021425478873239433], [0.0], [0.0], [0.0], [0.0027547209702660407], [0.10276091079812208], [0.5071207216744914], [0.8819412564945226], [0.9878102629890455], [0.9903105427230047], [0.9802834095461659], [0.917791927777778], [0.6548469154929578]], [[0.9480451810165339], [0.9198999894672382], [0.8732257648499694], [0.9280192520514391], [0.8962006444580526], [0.9319482189834659], [0.5898025197795469], [0.13577627801592163], [0.009543363747703613], [0.012025237599510106], [0.0], [0.0], [0.02239061910593999], [0.22560173178199627], [0.6202515817513778], [0.912281028291488], [0.9916678057562768], [1.0], [1.0], [1.0], [1.0], [1.0], [1.0], [0.9959656496019597]], [[1.0], [1.0], [0.975994544857021], [0.9854155651728554], [0.9761606258642764], [0.9727339333333332], [0.7575508083653435], [0.3622246208279982], [0.09259106564233888], [0.02010273299189074], [0.027109585830132305], [0.25426384780196326], [0.6919583154929577], [0.9569265087494666], [1.0], [1.0], [0.9848484848484849], [1.0], [0.9848484848484849], [1.0], [1.0], [1.0], [1.0], [0.988430885787452]], [[0.4005488356056338], [0.1957292926197183], [0.09466244777464791], [0.07595684315492957], [0.19778281228169017], [0.48556074321126774], [0.7099532344788733], [0.5773571689014084], [0.2681393415211268], [0.05], [0.013336340845070422], [0.07073854557746478], [0.14683811290140844], [0.28068561769014083], [0.48598335988732394], [0.7748766582535213], [0.9628798879999999], [1.0], [1.0], [1.0], [1.0], [1.0], [0.9860431514366198], [0.9935142298591549]], [[0.9557934303208138], [0.9621261742175273], [0.9677254816118936], [0.96970315043036], [0.9429088286384975], [0.9469660501956181], [0.9313554706572771], [0.7772687317292646], [0.44364740391236307], [0.13056181197183095], [0.026420045539906106], [0.00558671220657277], [0.0059530873630672925], [0.008519326956181532], [0.008921905868544602], [0.008340041001564946], [0.2283158113067293], [0.6599837795383412], [0.9268243910406887], [0.9865763458920189], [0.9995419593896714], [0.9963851352112675], [0.9732367516040689], [0.8821964982785603]]], "inertia_": 0.7506553986448801, "labels_": [5, 2, 9, 2, 5, 5, 5, 8, 5, 4, 2, 5, 5, 8, 9, 5, 9, 9, 8, 9, 9, 2, 5, 9, 5, 5, 5, 5, 2, 8, 2, 2, 5, 9, 1, 9, 5, 9, 9, 9, 1, 9, 9, 8, 1, 9, 9, 5, 5, 5, 5, 9, 9, 2, 5, 5, 5, 1, 9, 9, 2, 5, 8, 5, 9, 9, 2, 4, 5, 2, 5, 4, 9, 9, 9, 1, 9, 9, 4, 9, 9, 1, 9, 5, 2, 2, 1, 2, 3, 4, 4, 2, 3, 9, 9, 7, 4, 7, 2, 9, 9, 6, 9, 7, 2, 8, 9, 5, 2, 2, 9, 6, 6, 8, 9, 9, 8, 6, 9, 4, 9, 9, 2, 9, 3, 1, 8, 9, 2, 2, 6, 6, 6, 7, 3, 6, 6, 6, 6, 4, 3, 6, 7, 6, 1, 8, 6, 3, 3, 9, 2, 8, 6, 3, 3, 3, 1, 3, 7, 0, 6, 0, 7, 6, 6, 4, 9, 8, 3, 4, 7, 3, 0, 3, 0, 0, 7, 0, 0, 0, 3, 3, 0, 7, 7, 0, 0, 4, 0, 4, 7, 7, 3, 4, 0, 4, 3, 0, 0, 0, 4, 4, 4, 0, 0, 4, 0, 0, 4, 3, 0, 3, 4, 4, 7, 4, 0, 7, 3, 4, 4, 0, 7, 4, 0, 4, 7, 4, 7, 7, 4, 3, 4, 0, 7, 7, 7, 0, 3, 3, 0, 0, 7, 7, 4, 4, 4, 4, 7, 0, 0, 7, 7, 3, 1, 6, 6, 1, 3, 9, 2, 8, 9, 6, 7, 7, 7, 7, 4, 6, 0, 7, 1, 7, 1, 6, 8, 1, 9, 8, 1, 1, 1, 1, 2, 8, 1, 9, 2, 8, 1, 1, 8, 9, 8, 1, 1, 9, 2, 4, 1, 1, 1, 2, 2, 2, 2, 2, 8, 1, 9, 2, 2, 5, 2, 2, 8, 1, 1, 9, 8, 2, 9, 2, 2, 5, 9, 8, 9, 1, 9, 9, 9, 9, 9, 1, 9, 9, 9, 2, 5, 5, 5, 5, 5, 5, 1, 9, 9, 9, 1, 8, 9, 9, 9, 2, 1, 9], "n_iter_": 8}}