{"X": ["X1", "X2", "X3", "X4", "X5", "X6", "X7", "X8"], "S1": [0.2768519383709519, 0.033017136887898944, 0.01739574770472379, 0.011578710217178738, 0.01611700462712586, 0.6330907246162832, 0.30560290127896733, 0.31660686175053515], "S1_conf": [0.0066585718022830675, 0.0003588639293971582, 0.0004569205324213406, 0.0003101551818894407, 0.00024179642499485527, 0.005011585744611202, 0.0013068434917177703, 0.0013130205544982022]}