{"X": ["X1", "X2", "X3", "X4", "X5", "X6", "X7", "X8"], "S1": [0.2219771646591339, 0.000268502546151914, 0.00011499980094437433, 0.001427212498592086, 0.0003556650508005728, 0.6473358869222535, 0.004685895700339922, 0.011515006801473186], "S1_conf": [0.01424699716735848, 0.0016153473988877386, 0.0006889598304285005, 0.0012643782036185942, 0.0008030007617410109, 0.02246218297560692, 0.004038137373465747, 0.006294657679916749], "ST": [0.2787480396675498, 0.004279597828062392, 0.0005943378119951687, 0.0020166011804430596, 0.0008391135572316617, 0.7528104273727991, 0.022063318937580147, 0.0629676161542126]}