{"market_inputs": [177.4999988173302, 0.45, 0.5003085965786628, 4.0, 1.0, 16.237128972209955, 1.0, 61.09068702], "revenue_surrogate": 31.176348771826785, "revenue_rankine": 31.176348779845682, "scaled_dispatch_zones": [1483.4452185473597, 1379.2556869021828, 36.36153172991696, 146.59865076570918, 60.443215994896185, 46.479687379958, 0.00015107738205506326, 43.48081897675173, 142.76640669685273, 37.404233872617624, 5359.7643980563735], "dispatch_zones": [1443.3499459850545, 1341.9764992328155, 35.37873471977756, 142.6363117549885, 58.809527612233296, 45.22341198076593, 0.00014699402453934843, 42.30559843856949, 138.90764742641835, 36.39325420626001, 5214.898101867662], "operating_cost": [177.4999988173302, 1421.5727214494339, 1657.4641965543467, 1811.0901022872176, 1961.9453024701709, 2110.1404767378685, 2255.7804871883363, 2398.9647556517225, 2539.7876119758494, 2678.3386158933467, 2882.090372505405], "capital_cost": 408.56932826178365, "total_revenue": 623.5269755969136, "total_cost": 778.9240929593932, "net_revenue": -155.39711736247955, "opex_per_year": 18.517738234880476, "nstartups_per_year": 80.22503608843417, "start_cost_per_year": 8.699279505290281e-07, "pmax": 177.4999988173302}