{"market_inputs": [177.4999988385021, 0.15, 1.0, 4.0, 1.0, 17.54379723309764, 1.0, 61.09068702], "revenue_surrogate": 26.601647187386046, "revenue_rankine": 26.601647196783958, "scaled_dispatch_zones": [1817.4470221749664, 1369.1400889127442, 52.87625190045251, 81.72006501713209, 71.98568595695875, 57.24783961092423, 134.40006138223876, 50.994738674958384, 74.12087546931863, 49.278527508610665, 4976.788843391695], "dispatch_zones": [1848.4260576237284, 1392.4775721137626, 53.77754655280586, 83.11301279506033, 73.21270775723954, 58.22364954157604, 136.69095856662722, 51.863962260480776, 75.38429233959934, 50.118497660106556, 5061.6199917659305], "operating_cost": [177.4999988385021, 501.89360829360976, 905.4350716822548, 1163.8109269322717, 1414.3186448436147, 1657.4641782401723, 1893.7110105329098, 2123.4845202068173, 2347.1758179133603, 2565.145129051265, 2882.0903728491758], "capital_cost": 408.56932829940274, "total_revenue": 532.0329439356792, "total_cost": 729.2444832408573, "net_revenue": -197.21153930517812, "opex_per_year": 16.03375774707273, "nstartups_per_year": 74.49126542873307, "start_cost_per_year": 0.8077532530247552, "pmax": 177.4999988385021}