{"xm_inputs": [29.692737430167597, 273.263966480447, 12.486033519553073, 751.3966480446927], "xstd_inputs": [9.946252363674223, 97.99144230916941, 2.4999609871803816, 249.99609871803867], "xmin": [-1.4772134159624304, -1.492109545843119, -0.9944289260117549, -1.0056022847309856], "xmax": [1.5389980075045855, 1.5331546304375079, 1.0056022847309876, 0.9944289260117527], "ws_mean": [0.027887169154684477, 0.017736666971944922, 0.37205788075831114, 0.025689165674512297, 0.04238788655859816, 0.027673474371889963, 0.012638520010989994, 0.025979180022590566, 0.04495222395213236, 0.02333852306377261, 0.042067344384406374, 0.011707421314528165, 0.02288060567207006, 0.054537961351772114, 0.022453216106481044, 0.03300058002869613, 0.05768232744146291, 0.06873340049455069, 0.021293158714167933, 0.04530329395243765], "ws_std": [0.015240342640277273, 0.006060600062245794, 0.011284977494443633, 0.008094423015136456, 0.016966895032224136, 0.0163501946713761, 0.0036527025523509747, 0.014769774311587353, 0.029955506179452984, 0.005990342077425776, 0.012557015580213892, 0.0066125695503048455, 0.01033654340573644, 0.06413030211576103, 0.005997533110375078, 0.018666511314521073, 0.0180033050092907, 0.05157511112390547, 0.017053486892453493, 0.019381900184838118]}