{"xm_inputs": [310.44715657822, 0.22494126589271207, 0.750120923161968, 6.212571402248019, 1.165952644186475, 17.505643080891836, 1.1712387138382163, 69.50348359310736], "xstd_inputs": [99.27836571567678, 0.16725950740977535, 0.2041135305654451, 5.463704170318627, 0.62292240275243, 8.539123773685372, 1.0276620859761474, 46.15139813573824], "xmin": [177.5, 0.0, 0.5, 1.0, 0.5, 5.0, 0.0, 0.0], "xmax": [443.75, 0.45, 1.0, 16.0, 2.0, 30.0, 2.5, 135.2230393], "zm_zones": [2705.1428240740743, 986.6129783950618, 64.19341049382716, 135.53672839506171, 83.43731481481481, 66.67058641975309, 185.1096450617284, 64.59567901234568, 119.82171296296296, 70.2336574074074, 4254.645462962963], "zstd_zones": [3094.27583981912, 937.840731816656, 39.51330745252373, 116.65557067514399, 85.16306991868579, 43.61879874523253, 191.20066102747435, 41.76154656442362, 97.28799515237972, 44.57555577594611, 2496.779245140424], "input_labels": ["p_max", "p_min_multi", "ramp_multi", "min_up", "min_dn_multi", "marginal_cost", "no_load_cost", "repr_startup_cost"], "output_labels": ["# Hours 0%", "# Hours 0-10%", "# Hours 10-20%", "# Hours 20-30%", "# Hours 30-40%", "# Hours 40-50%", "# Hours 50-60%", "# Hours 60-70%", "# Hours 70-80%", "# Hours 80-90%", "# Hours 90-100%"]}