{"xm_inputs": [310.44715657822, 0.22494126589271207, 0.750120923161968, 6.212571402248019, 1.165952644186475, 17.505643080891836, 1.1712387138382163, 69.50348359310736], "xstd_inputs": [99.27836571567678, 0.16725950740977535, 0.2041135305654451, 5.463704170318627, 0.62292240275243, 8.539123773685372, 1.0276620859761474, 46.15139813573824], "xmin": [177.5, 0.0, 0.5, 1.0, 0.5, 5.0, 0.0, 0.0], "xmax": [443.75, 0.45, 1.0, 16.0, 2.0, 30.0, 2.5, 135.2230393], "zm_nstartups": 64.05981665745347, "zstd_nstartups": 119.82118799180154, "input_labels": ["p_max", "p_min_multi", "ramp_multi", "min_up", "min_dn_multi", "marginal_cost", "no_load_cost", "repr_startup_cost"], "output_labels": ["# Startups"]}