{"hyper_params": {"dtw_inertia": false, "init": "k-means++", "max_iter": 50, "max_iter_barycenter": 100, "metric": "euclidean", "metric_params": null, "n_clusters": 10, "n_init": 1, "n_jobs": null, "random_state": null, "tol": 1e-06, "verbose": 0}, "model_params": {"cluster_centers_": [[[23.58979207758621, 22.416705008620692, 21.457983275862063, 20.79364766379309, 20.935852413793096, 21.983946258620687, 20.941170318965526, 18.225747155172417, 17.22131454310345, 18.4918090862069, 19.66760731896552, 20.50721596551723, 21.60530326724137, 22.760072025862065, 24.420616956896545, 25.784745491379315, 27.046488362068953, 29.80824849999998, 32.98855187068963, 35.13857874137928, 33.5430690689655, 30.7272877327586, 27.509425534482766, 26.000801853448273], [176.67792614655173, 176.76106262931032, 175.41341243965516, 172.93782637068966, 172.57750879310345, 175.93147155172414, 174.91209386206896, 169.03785769827584, 170.59649337068964, 173.34428855172416, 174.57529040517238, 174.13440682758622, 173.8573210775862, 172.4377106724138, 176.69179278448274, 176.64442118965516, 177.5, 177.5, 177.5, 177.5, 177.5, 177.5, 177.5, 177.48248126724138]], [[22.652422466666668, 22.368670666666667, 19.79312106666666, 20.20366386666667, 20.389876033333337, 21.55555563333333, 24.343184533333336, 24.497601533333338, 10.9366324, 0.16666666666666666, 0.0, 0.0, 0.0, 0.0, 0.16666666666666666, 4.907389233333333, 16.31100396666667, 23.0596778, 32.450542199999994, 31.920600366666665, 30.22268850000001, 29.061263200000003, 25.14802220000001, 22.05848786666667], [177.5, 177.34152596666667, 168.34610213333332, 172.04254983333334, 168.04520616666667, 172.0467911, 175.71005283333335, 177.5, 144.46647386666666, 56.0133513, 0.29687743333333333, 0.0, 0.0, 0.0, 1.8468631000000002, 27.537475233333335, 99.44300226666668, 161.62217883333332, 174.54166666666666, 177.5, 177.5, 177.5, 177.5, 177.40870573333333]], [[22.614616, 22.015322666666673, 22.195255296296292, 20.382448185185186, 20.251059407407407, 23.313921703703702, 22.90629437037037, 16.852399851851853, 7.551817481481482, 3.2927528888888884, 0.9259259259259259, 6.726996259259259, 14.25156748148148, 18.157830962962965, 19.404373962962964, 21.69385803703703, 23.09648896296296, 26.134603962962963, 30.975699518518528, 34.35774862962962, 33.31058181481481, 29.21772292592593, 25.57384277777778, 23.461874333333338], [174.21296296296296, 173.91512055555555, 176.39404792592595, 172.6935528888889, 171.65048433333334, 177.5, 175.05704144444445, 162.7454028148148, 119.54557751851853, 65.17103333333333, 29.02395025925926, 46.843509703703695, 123.31354862962965, 172.9682672962963, 174.37081485185186, 177.5, 177.5, 177.5, 177.5, 177.5, 177.5, 177.5, 177.5, 176.79745266666666]], [[15.310844100000002, 13.082544799999999, 9.3055296, 2.9689677, 1.5, 3.6646096999999997, 9.951587100000001, 2.3861, 0.0, 0.0, 1.8861, 2.307, 0.5, 1.9429677, 6.0863581, 10.2594258, 14.6198037, 22.947817099999998, 31.260207700000002, 33.281537, 26.060242799999997, 25.2679494, 17.193624300000003, 14.830260800000001], [157.8531222, 149.4353589, 128.1954093, 68.3213035, 31.652876100000004, 25.269277600000002, 62.125, 45.4184102, 9.9184102, 0.0, 8.875, 17.75, 10.5183018, 10.5183018, 35.5, 77.111843, 120.6130748, 156.5886417, 177.1213417, 168.625, 159.75, 159.75, 151.4932475, 134.6969274]], [[22.470532677419357, 22.588009161290326, 22.64366764516129, 21.77608432258065, 21.638090451612907, 22.221706129032256, 22.69489490322581, 20.649844290322584, 8.861213419354838, 1.5450062580645163, 0.6451612903225806, 0.9416613870967743, 0.8064516129032258, 7.290507903225806, 15.763503225806456, 20.371204258064513, 21.219993387096775, 27.29142187096774, 32.63224229032257, 32.79245074193548, 31.31809958064516, 28.47197512903226, 24.904413580645166, 23.065752258064517], [174.13014651612903, 174.54363987096775, 177.4065430967742, 177.28399893548388, 174.63709677419354, 174.30419970967742, 169.03999225806453, 158.05564506451614, 123.22424093548388, 56.158925612903225, 9.567952, 6.796730419354839, 5.032177483870968, 46.58930090322581, 131.77113819354838, 175.32172877419356, 177.27162577419355, 177.5, 177.5, 177.5, 177.5, 177.5, 177.5, 177.5]], [[24.85318651111111, 23.01120382222223, 21.777879088888884, 19.03191284444444, 18.60772486666667, 18.4680942, 13.138008422222223, 3.5406005777777776, 3.1100554666666667, 8.141294711111112, 13.769535555555553, 18.768202822222214, 20.674134822222214, 22.830871777777784, 24.267741977777774, 25.639364800000003, 26.40950837777778, 28.532769844444438, 31.60375373333333, 35.745783999999986, 34.715325755555554, 31.073795733333327, 27.026834000000004, 24.98090435555555], [177.5, 175.52777777777777, 176.0934236888889, 170.27263415555555, 167.5161619111111, 164.93331828888887, 143.40441993333332, 78.04204011111112, 38.86668311111112, 64.16680895555557, 118.51827606666667, 157.78713275555555, 177.00476124444444, 177.5, 177.5, 177.5, 177.5, 177.5, 177.5, 177.5, 177.5, 177.5, 177.5, 177.5]], [[1.9230769230769231, 0.7692307692307693, 0.0, 6.056404461538462, 12.60807069230769, 20.178819230769232, 27.47764523076923, 22.481418461538457, 6.826403692307692, 0.0, 2.162087923076923, 7.2665219230769225, 11.224767000000002, 15.086790000000004, 16.87333946153846, 22.254911923076918, 21.821032615384617, 27.913176076923076, 34.62932, 33.895350769230774, 28.25471038461539, 25.85383123076923, 23.431963, 22.387873692307696], [82.380901, 21.852205846153844, 0.3409938461538461, 27.307692307692307, 85.140991, 144.45925484615384, 175.37595615384615, 163.84615384615384, 102.83901146153848, 27.742857615384615, 37.12746276923077, 54.641570692307695, 98.58338738461538, 126.38468438461538, 156.5487159230769, 173.9645566923077, 177.5, 177.5, 177.5, 177.5, 177.5, 177.5, 177.5, 177.5]], [[23.67640775862069, 23.095520586206895, 23.30624793103448, 22.5999034137931, 22.90896341379311, 24.46075924137931, 27.518655689655173, 28.874980482758623, 19.935578103448275, 17.16246320689655, 6.837354172413793, 1.988100068965517, 0.6896551724137931, 0.5172413793103449, 3.7173295862068967, 12.6013184137931, 18.12982086206896, 24.205351482758623, 31.385356620689652, 34.42941768965516, 34.60444344827586, 28.98764344827586, 26.131804482758614, 22.80828389655173], [177.5, 177.5, 177.5, 174.43965517241378, 173.36818927586205, 176.42853410344827, 177.5, 174.47102727586207, 174.03494472413794, 173.1686795862069, 126.94347500000002, 51.86324503448275, 14.149652034482758, 5.009684448275862, 27.96044093103448, 89.66634772413792, 141.9401302758621, 165.25862068965517, 174.43965517241378, 177.5, 177.5, 177.5, 177.5, 174.43965517241378]], [[18.340238576923078, 21.56365807692308, 21.29282453846154, 18.331958961538465, 16.426345846153847, 18.70984723076923, 17.25715103846154, 9.822436192307691, 0.0, 0.0, 0.0, 0.7320843846153846, 0.19230769230769232, 0.6950980384615384, 0.19230769230769232, 2.1736885384615383, 5.619665884615385, 19.182502653846157, 24.804723692307693, 29.486811384615393, 29.122644307692312, 26.918907653846155, 22.875566423076926, 19.62685834615385], [168.92853073076924, 169.66083465384614, 174.89534738461538, 171.4056765, 155.4537875, 165.86772511538462, 151.6805263076923, 111.07765607692308, 38.487650307692306, 0.0, 0.0, 3.4134615384615383, 4.724432730769231, 4.724432730769231, 0.059074846153846144, 13.6306545, 39.514715076923075, 114.0972166923077, 173.3924123846154, 177.31952615384614, 177.5, 177.5, 176.49370919230768, 170.17509661538463]], [[9.666363500000001, 7.201141428571428, 2.0851073571428573, 2.4186428571428573, 5.117281142857143, 14.385505571428569, 23.60030757142857, 28.48236835714286, 3.7959717142857143, 2.9709582142857145, 1.3472142857142857, 0.0, 0.35714285714285715, 0.0, 0.0, 0.35714285714285715, 3.3250381428571427, 23.68013764285714, 29.390203857142858, 29.453566785714287, 28.345136500000002, 25.939166857142855, 23.066483214285714, 16.363476357142854], [124.29510107142858, 96.71059971428573, 49.96838771428571, 26.17846535714286, 34.647752357142856, 92.13594735714285, 156.64089721428573, 171.16071428571428, 