{"hyper_params": {"dtw_inertia": false, "init": "k-means++", "max_iter": 50, "max_iter_barycenter": 100, "metric": "euclidean", "metric_params": null, "n_clusters": 20, "n_init": 1, "n_jobs": null, "random_state": null, "tol": 1e-06, "verbose": 0}, "model_params": {"cluster_centers_": [[[18.476861749999998, 18.239109, 21.402580500000003, 19.957661, 21.066371, 16.564274, 1.25, 0.0, 0.0, 0.0, 0.0, 0.0, 0.0, 0.0, 0.0, 0.0, 5.893387, 15.31005275, 17.623873500000002, 25.752462, 35.3517805, 27.917110249999993, 22.58765975, 22.10407375], [169.34991125, 147.2155535, 169.4030535, 177.5, 177.5, 159.0883835, 76.235921, 5.8975375, 0.0, 0.0, 0.0, 0.0, 0.0, 0.0, 0.0, 0.0, 26.00803825, 92.57053825, 154.13942, 176.32692, 177.5, 177.5, 177.5, 177.5]], [[23.67040749, 22.70037529999999, 22.132319569999996, 21.752912079999987, 21.76432104999998, 22.562027329999996, 22.070455659999993, 20.0506582, 17.93434209, 18.94964346000001, 19.972995330000014, 20.44375921000001, 21.440170609999996, 22.699738120000003, 24.292508079999994, 25.688171609999998, 27.084690979999987, 30.022174269999987, 32.95047138999998, 35.15286010999998, 33.44958572999998, 30.661550229999985, 27.58363009000001, 25.97452722999999], [176.54639433, 177.38683369999998, 177.5, 176.92248251, 176.1733683, 177.5, 177.43524347, 175.93699347, 172.50485645, 176.21817119, 175.77401952, 173.59591192, 173.27449245, 172.51524438, 176.56247962999998, 176.50752857999998, 177.5, 177.5, 177.5, 177.5, 177.5, 177.5, 177.5, 177.47967827]], [[21.796436461538462, 22.20172292307692, 23.420914769230766, 21.35541623076923, 21.330461923076918, 23.121592999999997, 25.515469076923075, 24.1158466923077, 11.513186999999999, 0.38461538461538464, 0.7692307692307693, 1.4762694615384615, 0.38461538461538464, 1.1538461538461537, 12.286227076923078, 19.929375999999998, 18.94724776923077, 27.224315846153846, 33.15948407692308, 30.047744, 29.05600392307692, 27.672206999999997, 24.84070146153846, 22.380995615384617], [171.3272157692308, 170.45021815384615, 177.27714123076925, 176.98492053846152, 170.67307692307693, 173.48729323076924, 176.385751, 177.5, 147.262204, 65.23766515384615, 3.6511855384615384, 10.954998999999999, 5.740407384615384, 5.340021538461538, 86.06876115384615, 170.46212723076923, 169.6532386923077, 177.02474646153846, 177.5, 177.5, 177.5, 177.5, 177.5, 177.5]], [[24.949050777777774, 22.56151611111111, 21.567435444444445, 20.701258833333338, 19.686578444444443, 19.651458388888887, 15.016390722222221, 0.5555555555555556, 0.0, 0.0, 3.544675222222222, 14.746007555555556, 16.947654444444442, 20.466386333333336, 22.497751166666667, 24.584211277777783, 24.86184411111111, 27.307589111111113, 30.875166000000004, 34.38591672222222, 34.545169277777774, 31.184806277777778, 26.091400277777776, 24.443488499999994], [177.5, 171.464943, 172.3246311111111, 168.97752222222223, 171.52743222222222, 166.90281549999997, 147.39926111111112, 72.70619627777778, 4.195824055555556, 0.0, 25.42602983333333, 100.66160083333335, 161.39503116666668, 175.85768905555557, 177.5, 177.5, 177.5, 177.5, 177.5, 177.5, 177.5, 177.5, 177.5, 177.5]], [[23.02351473076923, 22.69533430769231, 20.38533696153846, 21.37019957692308, 21.387475653846156, 22.1327015, 24.270757307692307, 24.913362000000003, 11.44922846153846, 0.19230769230769232, 0.0, 0.0, 0.0, 0.0, 0.0, 4.162657576923078, 17.002585230769235, 23.493767461538457, 32.54269657692308, 32.22849342307693, 30.377986000000014, 29.358755, 25.453181500000007, 22.063143730769234], [177.5, 177.31714534615384, 170.35127169230768, 177.35713661538463, 176.17513011538463, 175.66459988461537, 175.43467634615385, 177.5, 144.18860038461537, 55.78115126923077, 0.34255088461538463, 0.0, 0.0, 0.0, 0.0, 22.816090923076924, 101.32570630769231, 166.24398696153847, 177.5, 177.5, 177.5, 177.5, 177.5, 177.39466046153848]], [[2.142857142857143, 0.7142857142857143, 0.0, 11.247608285714287, 16.980227285714285, 22.087726428571422, 30.918342999999993, 30.437498571428566, 11.963321142857142, 0.0, 3.301020428571429, 13.494969285714285, 15.72512385714286, 16.25426428571429, 16.96400914285714, 23.972569714285715, 22.093266714285715, 28.163032142857144, 33.997933714285715, 33.62888514285714, 28.515138428571426, 27.47006357142857, 24.84980785714286, 23.41522257142857], [82.51833528571429, 20.351422285714282, 0.0, 50.714285714285715, 130.028697, 168.06441128571427, 177.5, 177.5, 139.46428571428572, 50.714285714285715, 59.818313428571436, 101.47720271428571, 151.168461, 151.92501657142859, 170.3532997142857, 177.5, 177.5, 177.5, 177.5, 177.5, 177.5, 177.5, 177.5, 177.5]], [[1.6666666666666667, 0.8333333333333334, 0.0, 0.0, 7.507221333333334, 17.951760833333335, 23.463497833333335, 13.199325, 0.8333333333333334, 0.0, 0.8333333333333334, 0.0, 5.974350666666666, 13.724736666666667, 16.767558166666667, 20.250977833333334, 21.503426166666667, 27.621677333333334, 35.365937333333335, 34.20622733333334, 27.950877666666667, 23.968226833333333, 21.77781066666667, 21.1893], [82.22056099999999, 23.60312, 0.7388199999999999, 0.0, 32.77200066666666, 116.91990566666665, 172.897905, 147.91666666666666, 60.10952483333333, 0.9428581666666668, 10.654803666666666, 0.0, 37.234134833333336, 96.58763016666666, 140.44336816666666, 169.83987283333332, 177.5, 177.5, 177.5, 177.5, 177.5, 177.5, 177.5, 177.5]], [[25.014461772727273, 22.346309863636364, 21.03146259090909, 17.656991818181815, 17.193813863636365, 16.70912363636364, 9.101910863636363, 1.1363636363636365, 5.906931636363637, 15.28901190909091, 19.175155090909097, 20.215118136363632, 22.75973777272727, 24.55220640909091, 25.70512727272727, 26.42605981818182, 26.961185681818186, 28.941431181818185, 32.17007436363637, 37.14632404545454, 34.56991822727273, 31.312590681818186, 27.690990363636374, 25.527528181818187], [177.5, 177.5, 177.5, 170.9112992272727, 165.30247186363636, 160.46584745454547, 129.38874163636365, 45.82262572727273, 41.75260372727273, 121.32387563636365, 177.1137636818182, 173.4659090909091, 177.5, 177.5, 177.5, 177.5, 177.5, 177.5, 177.5, 177.5, 177.5, 177.5, 177.5, 177.5]], [[7.221012909090908, 6.399722545454545, 0.9090909090909091, 3.0782727272727275, 6.058357818181818, 13.585759000000001, 23.756403727272723, 31.96539890909091, 2.974961090909091, 2.066583181818182, 1.7146363636363637, 0.0, 0.45454545454545453, 0.0, 0.0, 0.0, 1.7303812727272727, 22.034691363636362, 28.981440727272727, 29.852105181818175, 29.356537, 26.78336781818182, 23.921506545454545, 17.35778118181818], [109.78467409090909, 82.27749645454544, 33.108487272727274, 20.593852181818182, 43.35396872727273, 92.3162169090909, 150.952051, 177.5, 104.88636363636364, 24.204545454545453, 16.136363636363637, 8.068181818181818, 9.740050363636364, 1.6718685454545457, 0.0, 0.0, 8.068181818181818, 96.81818181818181, 177.5, 177.5, 177.5, 177.5, 177.5, 161.36363636363637]], [[2.6999999999999997, 11.536845, 13.668324333333333, 1.6666666666666667, 1.6666666666666667, 6.024183, 6.287, 0.0, 0.0, 0.0, 0.0, 0.0, 1.6666666666666667, 6.476559000000001, 20.28786033333333, 19.899688, 23.470922333333334, 24.273403666666667, 26.583170666666664, 53.618240333333326, 36.123987, 30.846312333333334, 25.146425000000004, 22.59431033333333], [112.01040733333333, 141.59374066666666, 167.492213, 81.40049733333333, 36.24735866666666, 33.589074333333336, 59.166666666666664, 29.583333333333332, 0.0, 0.0, 0.0, 0.0, 5.477672666666667, 35.061006, 118.33333333333333, 177.5, 177.5, 177.5, 177.5, 177.5, 177.5, 177.5, 177.5, 177.5]], [[19.002226285714283, 22.67437614285714, 21.735563571428575, 20.881939428571428, 18.837565714285716, 18.440384571428574, 9.168990857142859, 0.0, 0.0, 0.0, 0.0, 0.0, 0.0, 3.1386827142857143, 9.067362142857144, 19.206151428571427, 19.655891714285712, 22.40571385714286, 26.626730142857138, 31.146817857142853, 30.819499428571426, 28.929252714285717, 22.789403142857143, 18.539236], [173.49730700000003, 177.5, 177.5, 177.5, 164.82142857142858, 170.79933985714283, 129.42499957142857, 40.67499957142858, 0.0, 0.0, 0.0, 0.0, 0.0, 13.530605142857143, 