{"hyper_params": {"dtw_inertia": false, "init": "k-means++", "max_iter": 50, "max_iter_barycenter": 100, "metric": "euclidean", "metric_params": null, "n_clusters": 30, "n_init": 1, "n_jobs": null, "random_state": null, "tol": 1e-06, "verbose": 0}, "model_params": {"cluster_centers_": [[[25.726060909090904, 21.94975081818182, 20.64263263636364, 15.784239818181817, 15.072076181818183, 15.607278636363638, 2.0975044545454544, 0.45454545454545453, 10.45022690909091, 15.878775545454545, 19.889641363636365, 20.09908281818182, 23.348373272727272, 24.470971181818186, 25.502822636363636, 26.974570818181824, 26.57410090909091, 27.971222909090912, 31.882234363636368, 40.6102289090909, 35.016428454545455, 31.449614363636364, 27.736904818181813, 25.582974727272724], [177.5, 177.5, 177.5, 165.04702245454544, 157.5240100909091, 160.25230727272728, 88.71128127272728, 2.382070818181818, 72.4278229090909, 146.84350818181818, 177.5, 169.4318181818182, 177.5, 177.5, 177.5, 177.5, 177.5, 177.5, 177.5, 177.5, 177.5, 177.5, 177.5, 177.5]], [[22.536901739130435, 22.695899695652173, 23.35311330434783, 22.28570313043478, 22.01156156521739, 23.340503999999996, 26.017951086956522, 26.29376991304348, 14.349160695652175, 0.21739130434782608, 0.6521739130434783, 0.8344131739130435, 0.21739130434782608, 3.968085086956521, 11.06591147826087, 19.800460304347826, 20.220743217391302, 27.549289304347827, 33.548432478260864, 31.97148182608696, 30.552041260869572, 28.90838065217392, 26.098315956521738, 23.391941086956514], [174.01103500000002, 173.51534069565218, 177.3740363478261, 177.20886813043478, 173.6413043478261, 175.2319483478261, 176.87020708695653, 177.5, 160.40907182608697, 75.46041943478261, 2.8352115652173917, 6.191955956521739, 3.2445780869565213, 21.54083530434783, 86.46360117391305, 154.22859365217388, 173.06487404347826, 177.2313784347826, 177.5, 177.5, 177.5, 177.5, 177.5, 177.5]], [[23.142738722222223, 22.05935655555556, 18.95580688888889, 20.519297666666667, 20.641867833333336, 21.62200066666667, 23.26386961111111, 23.454168722222228, 8.076414944444444, 0.0, 0.0, 0.0, 0.0, 0.0, 0.0, 0.8333333333333334, 18.72220338888889, 22.880157944444445, 32.42945266666667, 31.865426, 29.970460166666662, 28.29878672222222, 25.016800611111112, 21.34172311111111], [177.5, 177.2358766111111, 167.1740591111111, 177.2936417777778, 175.58629905555554, 174.8488665, 174.51675472222223, 177.5, 129.38353388888888, 40.63353388888889, 0.0, 0.0, 0.0, 0.0, 0.0, 8.303797999999999, 97.053798, 176.03298116666667, 177.5, 177.5, 177.5, 177.5, 177.5, 177.3478428888889]], [[22.070098307692312, 21.8039686923077, 22.603175923076925, 21.180689846153847, 20.810286307692305, 22.402608615384615, 21.19161976923077, 15.424265538461539, 1.5384615384615385, 3.4615384615384617, 12.88808323076923, 16.78938369230769, 19.064096461538462, 21.07078053846154, 22.233637538461544, 24.138294769230768, 26.05351223076923, 28.517656692307693, 31.18943553846154, 34.611831384615385, 35.094115461538465, 30.31385184615385, 26.410806846153847, 24.818178384615383], [170.67307692307693, 171.58379084615385, 177.5, 175.432658, 171.8522403846154, 177.5, 177.5, 172.86997046153846, 96.24346715384614, 40.80558799999999, 116.180547, 171.981916, 176.55173053846153, 177.5, 177.5, 177.5, 177.5, 177.5, 177.5, 177.5, 177.5, 177.5, 177.5, 177.5]], [[4.05, 10.209516, 12.017097, 2.5, 2.5, 0.0, 0.0, 0.0, 0.0, 0.0, 0.0, 0.0, 2.5, 9.7148385, 21.0012905, 20.419032, 24.7833315, 22.772686, 26.4793825, 31.4961105, 36.123987, 33.1073745, 26.116315, 22.96953], [133.125, 133.125, 162.4883195, 77.725746, 54.371038, 6.0086115, 0.0, 0.0, 0.0, 0.0, 0.0, 0.0, 8.216509, 52.591509, 133.125, 177.5, 177.5, 177.5, 177.5, 177.5, 177.5, 177.5, 177.5, 177.5]], [[9.3292142, 7.0396947999999995, 0.5, 2.8861, 6.1641936, 12.482592, 23.150933399999996, 29.5076369, 0.8107142999999999, 0.0, 0.0, 0.0, 0.0, 0.0, 0.0, 0.0, 0.5, 22.507225599999998, 29.200510099999995, 28.804321199999993, 28.514887799999997, 24.842628500000004, 22.2740765, 14.445516900000001], [124.25, 90.5405004, 32.0810832, 18.912200000000002, 42.006270799999996, 86.9897438, 148.2972561, 168.625, 88.75, 8.875, 0.0, 0.0, 0.0, 0.0, 0.0, 0.0, 8.1093897, 96.8593897, 177.5, 177.5, 177.5, 177.5, 177.5, 150.875]], [[23.565927772727274, 22.41146485454545, 21.61496245454545, 21.041554345454536, 21.08958982727272, 22.132166045454543, 20.767834454545458, 17.98761910909091, 17.50266213636364, 18.865558500000002, 20.01735372727273, 20.86582009090908, 21.928495127272722, 23.11170317272727, 24.717776227272722, 25.959309654545457, 27.20533586363635, 29.978894754545436, 32.94301950909089, 35.137910081818156, 33.57864284545453, 30.795047490909077, 27.60443406363637, 26.007656299999997], [176.63308575454545, 176.72075695454544, 176.10641675454545, 174.35324717272727, 173.92264563636365, 177.4595518181818, 175.5777535272727, 168.57628630000002, 171.83985249090907, 175.8436153, 175.36571812727271, 175.34392546363637, 175.53330016363637, 173.397123, 176.7765473181818, 176.59775325454547, 177.5, 177.5, 177.5, 177.5, 177.5, 177.5, 177.5, 177.4815257]], [[2.5, 1.25, 0.0, 0.0, 2.5, 15.531056249999999, 23.126454, 10.797744250000001, 1.25, 0.0, 1.25, 0.0, 8.961526, 19.337105, 20.3534615, 21.117230000000003, 22.9784535, 30.704532249999996, 35.53115875, 33.247347500000004, 28.75151925, 24.36842625, 21.35452725, 22.004111499999997], [78.9558415, 35.40468, 1.1082299999999998, 0.0, 4.783001, 86.6298585, 170.5968575, 133.125, 45.78928725, 1.41428725, 15.9822055, 0.0, 55.85120225000001, 144.60120225, 177.5, 177.5, 177.5, 177.5, 177.5, 177.5, 177.5, 177.5, 177.5, 177.5]], [[23.64894518181818, 23.81947018181818, 23.008362363636362, 22.71114145454545, 23.489466727272724, 23.84331072727273, 25.354051545454546, 15.689275454545458, 0.9090909090909091, 0.0, 0.0, 0.45454545454545453, 3.8155253636363637, 11.441703818181816, 18.39285245454545, 20.750867272727273, 22.28339018181818, 28.435659363636365, 32.89982736363636, 33.80378318181818, 30.865556363636358, 29.10801745454545, 25.151856090909096, 23.144022090909093], [177.5, 177.5, 177.5, 177.5, 177.5, 177.5, 177.5, 161.36363636363637, 76.41298336363637, 3.799347, 0.0, 2.525601909090909, 27.408024545454545, 107.0091670909091, 173.15037281818184, 177.5, 177.5, 177.5, 177.5, 177.5, 177.5, 177.5, 177.5, 177.5]], [[22.992151, 22.594712374999997, 22.92338875, 22.9192285, 23.427158375, 25.117713625, 28.080863124999997, 26.402107375000003, 19.235792375000003, 17.729275, 16.274519, 3.023937875, 0.625, 1.25, 4.621347375, 15.642740999999997, 18.674788375000002, 23.4116935, 27.492484875, 38.979159, 43.0837905, 29.296822875, 27.22360225, 21.33554375], [177.5, 177.5, 177.5, 177.5, 177.5, 177.5, 177.5, 177.5, 177.061077875, 167.689556125, 174.189349625, 103.03367725, 15.5852185, 6.003067875, 31.422756, 104.319036375, 157.64630425000001, 177.5, 177.5, 177.5, 177.5, 177.5, 177.5, 166.40625]], [[20.638838571428572, 23.631913857142855, 22.963738714285714, 20.169958714285716, 18.07540378571429, 20.54828542857143, 24.399903714285717, 22.78501007142857, 4.434600428571429, 0.35714285714285715, 0.0, 0.0, 0.0, 1.290896357142857, 0.0, 0.35714285714285715, 0.35714285714285715, 17.71551985714286, 26.99088692857143, 31.776951214285713, 28.86427685714286, 28.00687864285714, 23.255028000000003, 21.517642285714285], [173.43209271428572, 177.5, 177.5, 175.71238285714284, 164.9863707857143, 176.9416250714286, 177.5, 177.5, 112.993128, 24.87929392857143, 0.6361659285714286, 0.0, 0.0, 6.339285714285714, 0.0, 6.186505071428571, 2.693555857142857, 84.15034457142858, 170.20678871428572, 177.5, 177.5, 177.5, 177.5, 177.5]], [[24.302862636363635, 22.74286890909091, 21.420292545454547, 19.529743818181817, 19.315551545454543, 17.810968636363636, 16.10631727272727, 1.8181818181818181, 1.3636363636363635, 14.69924827272727, 18.46066881818182, 20.331153454545458, 22.17110227272727, 24.633441636363635, 25.907431909090914, 25.877548818181822, 27.348270454545457, 29.911639454545455, 32.45791436363636, 33.68241918181818, 34.123408, 31.175567, 