{"hyper_params": {"dtw_inertia": false, "init": "k-means++", "max_iter": 50, "max_iter_barycenter": 100, "metric": "euclidean", "metric_params": null, "n_clusters": 20, "n_init": 1, "n_jobs": null, "random_state": null, "tol": 1e-06, "verbose": 0}, "model_params": {"cluster_centers_": [[[23.59479837614679, 22.444037926605496, 21.767393302752282, 21.234596128440355, 21.117269100917422, 22.156959522935775, 20.912493486238535, 18.15264313761468, 17.482636247706424, 18.832280110091745, 19.988806412844045, 20.809081532110078, 21.87944911926604, 23.075569045871557, 24.698758146788983, 25.94930035779817, 27.20945964220182, 30.005041532110067, 32.933237688073376, 35.12886350458713, 33.574692431192645, 30.78649388073393, 27.612219293577986, 25.996033788990818], [176.62513241284404, 176.7136079357798, 176.68577981651376, 175.73074629357797, 174.48197410091745, 177.45918073394495, 175.6163082110092, 169.36482752293577, 171.84411450458714, 175.82841911009174, 175.346137559633, 175.32414496330276, 175.51525704587155, 173.3594819266055, 176.76991013761466, 176.5894757614679, 177.5, 177.5, 177.5, 177.5, 177.5, 177.5, 177.5, 177.48135621100917]], [[23.02351473076923, 22.69533430769231, 20.38533696153846, 21.37019957692308, 21.387475653846156, 22.1327015, 24.270757307692307, 24.913362000000003, 11.44922846153846, 0.19230769230769232, 0.0, 0.0, 0.0, 0.0, 0.0, 4.162657576923078, 17.002585230769235, 23.493767461538457, 32.54269657692308, 32.22849342307693, 30.377986000000014, 29.358755, 25.453181500000007, 22.063143730769234], [177.5, 177.31714534615384, 170.35127169230768, 177.35713661538463, 176.17513011538463, 175.66459988461537, 175.43467634615385, 177.5, 144.18860038461537, 55.78115126923077, 0.34255088461538463, 0.0, 0.0, 0.0, 0.0, 22.816090923076924, 101.32570630769231, 166.24398696153847, 177.5, 177.5, 177.5, 177.5, 177.5, 177.39466046153848]], [[24.444075166666664, 24.79346583333333, 23.431912416666673, 22.63246533333334, 22.97586108333334, 23.86277058333333, 24.394864, 19.0184925, 3.5220043333333333, 0.8333333333333334, 0.8333333333333334, 2.5, 12.560489083333332, 15.752352333333333, 19.602473749999998, 21.262897499999998, 22.16604375, 27.00112866666667, 33.45192333333333, 33.633677166666665, 31.935358499999996, 28.039144583333336, 25.18302966666667, 22.11976125], [177.5, 177.5, 177.5, 177.5, 177.5, 177.5, 177.5, 177.5, 112.22439158333334, 28.300154583333335, 5.959109499999999, 16.141422333333335, 90.41124224999999, 162.18314283333333, 177.18167983333333, 177.5, 177.5, 177.5, 177.5, 177.5, 177.5, 177.5, 177.5, 175.91926850000002]], [[13.680913199999997, 19.333116799999996, 18.794746600000003, 14.4318098, 12.4246831, 14.295684400000003, 6.1756194, 0.0, 0.0, 0.0, 0.0, 0.0, 0.5, 2.4429677, 10.5474116, 17.302578399999998, 20.4061217, 22.683354500000007, 26.165630599999997, 37.4260742, 32.7197283, 28.482816099999997, 23.2191539, 19.900168600000004], [155.05123710000004, 166.7281222, 174.4976639, 148.6701492, 126.2492076, 129.63626019999998, 99.4724997, 28.472499700000004, 0.0, 0.0, 0.0, 0.0, 1.6433018000000001, 11.114725400000001, 61.93720129999999, 132.3407777, 168.625, 177.5, 177.5, 177.5, 177.5, 177.5, 177.5, 169.9466073]], [[1.5, 1.0, 0.0, 1.8861, 9.3306553, 19.762573, 25.192625300000003, 20.866509799999996, 2.7968387, 0.0, 1.0, 6.477510799999999, 11.480519699999999, 16.4840528, 18.787954199999994, 22.645371899999997, 22.127084299999996, 28.5160459, 35.4320259, 33.4444584, 28.8237687, 25.724757399999998, 23.2439793, 22.552774], [83.45687889999999, 22.5195752, 0.4432919999999999, 8.875, 57.4332883, 134.54703130000001, 174.738743, 159.75, 80.4407149, 9.4407149, 6.6259684, 27.1361042, 84.74349889999999, 128.95257809999998, 155.2660209, 172.9039237, 177.5, 177.5, 177.5, 177.5, 177.5, 177.5, 177.5, 177.5]], [[17.0734838, 13.9448386, 15.818504999999998, 9.667613, 11.7681056, 21.2501546, 28.143123600000003, 29.7869516, 21.7766534, 20.0123606, 12.3896238, 4.6926798, 1.0, 0.0, 0.0, 0.0, 0.0, 23.4654004, 26.8405624, 29.133768999999994, 27.095833600000002, 25.301224599999994, 24.123289, 20.2663868], [170.526283, 150.2258846, 142.0, 106.5, 88.76258080000001, 142.01258079999997, 177.5, 177.5, 177.5, 177.5, 148.2106294, 84.671745, 46.6392264, 3.6781108000000002, 0.0, 0.0, 0.0, 71.0, 159.75, 177.5, 177.5, 177.5, 177.5, 177.5]], [[20.418938, 18.7241694, 6.772200000000001, 1.0, 3.0, 12.215154799999999, 19.299775, 17.0057926, 1.0, 0.0, 3.7722, 4.614, 0.0, 0.0, 0.0, 9.856006400000002, 20.5192252, 27.279664000000004, 36.123987, 31.368588199999998, 27.4918116, 25.089812000000002, 21.8241474, 18.183225], [177.5, 177.5, 139.8638444, 72.36203300000001, 33.795671, 95.9599378, 159.75, 159.75, 84.6373628, 13.6373628, 17.75, 35.5, 17.75, 0.0, 0.0, 52.123999000000005, 140.873999, 177.5, 177.5, 177.5, 177.5, 177.5, 177.5, 159.75]], [[25.726060909090904, 21.94975081818182, 20.64263263636364, 15.784239818181817, 15.072076181818183, 15.607278636363638, 2.0975044545454544, 0.45454545454545453, 10.45022690909091, 15.878775545454545, 19.889641363636365, 20.09908281818182, 23.348373272727272, 24.470971181818186, 25.502822636363636, 26.974570818181824, 26.57410090909091, 27.971222909090912, 31.882234363636368, 40.6102289090909, 35.016428454545455, 31.449614363636364, 27.736904818181813, 25.582974727272724], [177.5, 177.5, 177.5, 165.04702245454544, 157.5240100909091, 160.25230727272728, 88.71128127272728, 2.382070818181818, 72.4278229090909, 146.84350818181818, 177.5, 169.4318181818182, 177.5, 177.5, 177.5, 177.5, 177.5, 177.5, 177.5, 177.5, 177.5, 177.5, 177.5, 177.5]], [[23.683181272727268, 22.95506109090909, 22.45073181818182, 20.815718636363638, 22.186039727272725, 24.45740509090909, 26.189760727272724, 25.787546454545453, 18.96228409090909, 15.67790381818182, 5.622400454545455, 1.8181818181818181, 5.705913727272727, 11.39573927272727, 13.492969818181818, 19.274157545454543, 22.089602363636367, 24.667029181818183, 30.997623, 39.723795090909086, 38.73419281818181, 29.247835818181816, 26.36778863636364, 24.52467863636364], [177.5, 177.5, 177.5, 176.99369727272727, 177.5, 177.5, 177.5, 177.5, 177.5, 166.11765727272726, 122.23909518181819, 47.89303036363637, 53.343902, 114.18723636363634, 154.05119927272727, 175.79767118181817, 177.5, 177.5, 177.5, 177.5, 177.5, 177.5, 177.5, 177.5]], [[25.23346091666666, 23.77393116666666, 23.466933583333333, 23.582729500000003, 22.587985916666664, 20.608087500000003, 15.876241666666667, 0.4166666666666667, 0.0, 0.0, 0.8333333333333334, 11.647378666666667, 16.297621333333336, 19.887169916666664, 22.00457883333334, 24.40215016666667, 25.007314833333336, 26.957910000000002, 29.909078000000004, 33.622176083333336, 34.30000666666666, 32.01582525, 27.154961000000004, 24.844965499999997], [177.5, 175.84324783333332, 175.01160783333333, 177.5, 177.5, 170.10416666666666, 151.73128416666665, 74.80936675, 4.432249250000001, 0.0, 1.7068051666666666, 62.78932833333334, 139.97322341666668, 167.64070025, 177.5, 177.5, 177.5, 177.5, 177.5, 177.5, 177.5, 177.5, 177.5, 177.5]], [[24.081565291666667, 23.282828416666664, 23.535006999999997, 23.399762666666664, 23.51580879166667, 24.70021208333333, 27.614047875, 28.922987999999993, 19.580197833333337, 16.75567925, 5.488864708333334, 1.216312625, 0.625, 0.20833333333333334, 4.0751065833333335, 13.68769520833333, 20.00743604166666, 24.577061291666663, 31.910892333333337, 32.472049874999996, 32.59977833333334, 29.715195208333338, 26.291623416666663, 22.816488083333336], [177.5, 177.5, 177.5, 177.5, 177.5, 177.5, 177.5, 173.83999129166668, 173.31305820833333, 172.26632116666667, 119.39382670833332, 40.80673908333333, 6.560474666666667, 0.36292474999999996, 25.94620170833333, 94.33540420833333, 156.71932408333333, 177.5, 177.5, 177.5, 177.5, 177.5, 177.5, 173.80208333333334]], [[18.850506954545455, 21.91262281818182, 21.20496963636364, 18.04472440909091, 16.338511636363638, 19.17616236363636, 19.901866181818182, 12.53560640909091, 0.22727272727272727, 0.0, 0.0, 0.8651906363636364, 0.22727272727272727, 0.8214794999999999, 0.0, 