{"xm_inputs": [29.692737430167597, 273.263966480447, 12.486033519553073, 751.3966480446927], "xstd_inputs": [9.946252363674223, 97.99144230916941, 2.4999609871803816, 249.99609871803867], "xmin": [-1.4772134159624304, -1.492109545843119, -0.9944289260117549, -1.0056022847309856], "xmax": [1.5389980075045855, 1.5331546304375079, 1.0056022847309876, 0.9944289260117527], "ws_mean": [0.06643618157950967, 0.022836721922031948, 0.40039151936990564, 0.024700191307710315, 0.02903895859409186, 0.02002243795219342, 0.027949496799666265, 0.01795862970764519, 0.030642305461428106, 0.017919833928625947, 0.02494632190575042, 0.019744507535285095, 0.02447632058287796, 0.02548882681564246, 0.017626639598660846, 0.04671838589207399, 0.09190211252556707, 0.04677944154430097, 0.014888675194106096, 0.02953249178292679], "ws_std": [0.02534416946193483, 0.021521356399835587, 0.015108267955437689, 0.02223521470851531, 0.03282547161111211, 0.019533905081232053, 0.02736439389422734, 0.0202900573548827, 0.021344779642902514, 0.01848361727218595, 0.026908231403826952, 0.018990617215135116, 0.019452950041067913, 0.03533164898141171, 0.01709699278326186, 0.043030439625944154, 0.03781156866539524, 0.0237187498329579, 0.016238098763299652, 0.030109809517698018]}