{"market_inputs": [177.5000039998824, 79.87500179994709, 57.30767060948619, 15.999999742348262, 31.99999978961609, 25.97938944936323, 0.4669585864690653, 0.1110999999766284, 2.499999996137515, 7.4999997932930285, 5.804739313741039, 5.80473948700314, 147.0], "revenue_surrogate": 30.606487381248133, "reveneu_rankine": 30.606487389416337, "scaled_dispatch_zones": [7564.394770070881, 50.963459773395485, 6.311694995246429e-08, 2.83197010484866e-09, 1.6191750333124247e-09, 0.0003015031107712294, 1.4019860719399612e-08, 76.5258406732913, 1.6388786913968154e-09, 1.2070658871123692e-08, 1044.115627884025], "dispatch_zones": [5079.920462278373, 34.224856052686754, 4.238661510669317e-08, 1.901824475680769e-09, 1.0873719702431117e-09, 0.0002024768563271941, 9.415131785317499e-09, 51.391445812348096, 1.1006022759829648e-09, 8.106132654006615e-09, 701.1829107674914], "operating_cost": [2156.8982115718254, 2509.496847370113, 2738.2666500692985, 2962.2375907717924, 3181.60136660132, 3396.539598708453, 3607.2244857001347, 3813.8194068701814, 4016.479479673142, 4313.412123149657], "capital_cost": 408.56933747028035, "total_revenue": 612.1297477883268, "total_cost": 506.3627544368245, "net_revenue": 105.76699335150226, "opex_per_year": 4.8896708483272056, "pmax": 177.5000039998824}