{"market_inputs": [177.73203801351522, 79.14803298324354, 98.58400555723284, 15.99999905457698, 31.99999837572412, 24.300912827865847, 1.0758599596627212, 0.375, 1.375, 7.5, 94.0, 101.5, 147.0], "revenue_surrogate": 13.358832760090511, "reveneu_rankine": 13.358832778804722, "scaled_dispatch_zones": [4880.303592888631, 2029.2824173093431, 15.013829953915787, 20.525470863776967, 25.333863242609713, 11.240838184500628, 54.43178338956665, 15.56551914574223, 29.20461221723491, 12.289213844057208, 1642.8088589606214], "dispatch_zones": [4726.360396619233, 1965.2711902396097, 14.540237086718982, 19.878020038319676, 24.53473757200645, 10.886259719056797, 52.7147994859758, 15.074523919056569, 28.283388513637362, 11.901565653164507, 1590.9884666849348], "operating_cost": [2139.3469060027483, 2496.025789266561, 2727.380047638417, 2953.8342544948705, 3175.585936908203, 3392.8221459731976, 3605.7201422197513, 3814.448027907024, 4019.165330940765, 4319.050761486739], "capital_cost": 408.9815606552699, "total_revenue": 267.17665557609445, "total_cost": 649.8274003563524, "net_revenue": -382.650744780258, "opex_per_year": 12.042291985054131, "pmax": 177.73203801351522}