{"market_inputs": [177.49999884605273, 0.15, 0.6286506547191458, 4.0, 1.0, 25.758974851611153, 1.0, 61.09068702], "revenue_surrogate": 14.2880823803166, "revenue_rankine": 14.2880823978137, "scaled_dispatch_zones": [4204.662948827985, 2497.1024224719426, 46.7115849358973, 245.6912279012364, 89.49098250754048, 39.95230935434799, 136.5544246753975, 31.06712307556739, 201.01927330911468, 17.717662407048053, 1226.0300405339208], "dispatch_zones": [4212.50792381155, 2501.7614656043183, 46.79873846513962, 246.14963361889423, 89.65795297046952, 40.0268515640887, 136.80920515566697, 31.125087484678257, 201.39433099852212, 17.750719662776312, 1228.317542555877], "operating_cost": [177.49999884605273, 743.8160573302825, 1337.6128602835643, 1715.7244172405544, 2080.7224119687335, 2433.4500991743444, 2774.6799512087955, 3105.120932213551, 3425.4248932742307, 3736.1922100552297, 4185.661980380804], "capital_cost": 408.5693283128186, "total_revenue": 285.761647956274, "total_cost": 588.3071887013542, "net_revenue": -302.54554074508025, "opex_per_year": 8.986893019426782, "nstartups_per_year": 74.75622465455956, "start_cost_per_year": 0.8106263640924373, "pmax": 177.49999884605273, "solution_time": 29.314306497573853}