{"market_inputs": [177.4999990809445, 0.1760873306033702, 0.8592710773904304, 4.0, 1.0, 17.494539353713634, 1.0, 61.09068702], "revenue_surrogate": 29.248328841264332, "revenue_rankine": 29.248328849811827, "scaled_dispatch_zones": [0.0005023697454896562, 1896.0594669202048, 58.61627854974302, 153.32144340070198, 0.000501914138708867, 49.155963152466626, 121.54887342765842, 51.92689393649731, 120.1002984628548, 48.07940451785271, 6237.190373348135], "dispatch_zones": [0.0005009585766785272, 1890.729892232569, 58.4515158722572, 152.89047691569638, 0.0005005033381168709, 49.01779218181174, 121.20721547313079, 51.780934242532105, 119.76271226272108, 47.944259612439396, 6219.658448576936], "operating_cost": [177.4999990809445, 586.1015842322336, 973.6270629923131, 1222.1514035240373, 1463.3965679889602, 1697.814635087937, 1925.821007208473, 2147.7980558405534, 2364.0983406671257, 2575.0474593848967, 2882.090376785744], "capital_cost": 408.5693287301804, "total_revenue": 584.9665769962365, "total_cost": 811.9466025608422, "net_revenue": -226.98002556460563, "opex_per_year": 20.168863691533083, "nstartups_per_year": 0.7525835801801238, "start_cost_per_year": 0.008160712969434209, "pmax": 177.4999990809445, "solution_time": 21.86723494529724}