{"market_inputs": [177.49999908214292, 0.15, 0.9010877908871985, 4.0, 1.0, 13.257317367617349, 1.0, 61.09068702], "revenue_surrogate": 30.084589579528906, "revenue_rankine": 30.084589587838806, "scaled_dispatch_zones": [58.89642902549526, 1538.8118529118833, 49.018361930581015, 105.48716814812632, 19.99118882495238, 57.115193825315345, 86.31747334812256, 52.442161626321, 92.86606740102968, 57.33975012441493, 6617.714352833758], "dispatch_zones": [58.68866854391219, 1533.383607143564, 48.84544688887781, 105.11505620147821, 19.92066877668434, 56.91371675155722, 86.01298358314756, 52.25716893771457, 92.5384771004765, 57.13748091562219, 6594.369991491765], "operating_cost": [177.49999908214292, 501.8936099336837, 905.4350736945551, 1163.8109291876522, 1414.318647338073, 1657.464180969768, 1893.7110134937777, 2123.4845233951683, 2347.175821325498, 2565.145132683581, 2882.090376805205], "capital_cost": 408.56932873230994, "total_revenue": 601.6917917567762, "total_cost": 824.0756645027511, "net_revenue": -222.38387274597494, "opex_per_year": 20.77531678852206, "nstartups_per_year": 1.0740455369528945e-07, "start_cost_per_year": 1.1646516844196599e-12, "pmax": 177.49999908214292}