{"market_inputs": [438.26659642169216, 0.19520920143602866, 0.5795985662285351, 4.0, 1.0, 26.416991673793554, 1.0, 61.09068702], "revenue_surrogate": 12.816514234894004, "revenue_rankine": 12.816514254400088, "scaled_dispatch_zones": [7062.121300621577, 833.5437991941009, 28.13957158471347, 116.657634184836, 7.140688665905727, 14.363337315757537, 0.0004990798798742987, 28.286949730394422, 103.62578439933091, 9.085456913872838, 533.0349783096322], "dispatch_zones": [7078.424292341255, 835.4680450513695, 28.20453212319933, 116.92693973244607, 7.1571730313304345, 14.396495252212851, 0.0005002320126270953, 28.352250493097124, 103.865005765418, 9.106430800121906, 534.2654959498369], "operating_cost": [438.26659642169216, 2441.1089655394544, 3846.769581180626, 4744.316685505099, 5612.495779481934, 6453.083759229591, 7267.717007860472, 8057.905015541178, 8825.04244543456, 9570.419848550911, 10650.278352546495], "capital_cost": 821.2798636041468, "total_revenue": 256.33028508800174, "total_cost": 1016.0007291033554, "net_revenue": -759.6704440153537, "opex_per_year": 9.73604327496043, "nstartups_per_year": 14.614174804875333, "start_cost_per_year": 0.3912800254421113, "pmax": 438.26659642169216}
