{"xm_inputs": [52.22949146878932, 83.625, 12.59375, 748.4375], "xstd_inputs": [10.432513779046744, 42.85677455198886, 2.4982415690841426, 249.99511713981536], "xmin": [-1.1035211880690088, -1.6012637609195746, -1.038230262476527, -0.9937694097483343], "xmax": [1.7721040577134335, 1.5487633097418836, 0.9631774724179829, 1.006269653896112], "ws_mean": [0.01343066939890707, 0.02801400273224041, 0.05089651639344265, 0.0778346994535521, 0.0503244535519126, 0.13263319672131152, 0.023864412568306, 0.03368340163934423, 0.03133538251366117, 0.03424692622950821, 0.07342896174863389, 0.023326502732240424, 0.023676571038251337, 0.04790812841530056, 0.08115607923497285, 0.03705601092896173, 0.0212858606557377, 0.03069501366120215, 0.026682035519125673, 0.0371157786885246, 0.033939549180327835, 0.08746584699453555], "ws_std": [0.006445282720676462, 0.005461271417039393, 0.00529260713535041, 0.006723806541869986, 0.005915252235128747, 0.009909537351748309, 0.0034843493897547258, 0.005448548484182097, 0.005993219962580399, 0.006047342733918079, 0.0063215358750955495, 0.0033096711774999923, 0.0033155581328252106, 0.004198519615009612, 0.007181552611972777, 0.006317382889291923, 0.004191150949937353, 0.004686364539436397, 0.0031797965860660346, 0.0057224823172495574, 0.005686340796171652, 0.010999123744548903]}