{"xm_inputs": [52.22949146878932, 83.625, 12.59375, 748.4375], "xstd_inputs": [10.432513779046744, 42.85677455198886, 2.4982415690841426, 249.99511713981536], "xmin": [-1.1035211880690088, -1.6012637609195746, -1.038230262476527, -0.9937694097483343], "xmax": [1.7721040577134335, 1.5487633097418836, 0.9631774724179829, 1.006269653896112], "ws_mean": [0.01343066939890707, 0.060630122950819695, 0.11507001366120206, 0.07254952185792356, 0.03890027322404368, 0.04359631147540986, 0.03979678961748636, 0.0580771857923497, 0.0382001366120218, 0.05415812841530052, 0.0334955601092896, 0.06507855191256834, 0.035783811475409814, 0.07855191256830607, 0.03747438524590164, 0.025665983606557353, 0.023471653005464478, 0.031523224043715804, 0.07342896174863384, 0.026921106557377013, 0.034195696721311425, 0.0], "ws_std": [0.006445282720676462, 0.05837494434213595, 0.10516294615337386, 0.024961663660096816, 0.0789290586817272, 0.030730641075091686, 0.005575674269975296, 0.03453643626625763, 0.043034924783176345, 0.011900591965803424, 0.008765383157719443, 0.038914494796459455, 0.012802591888402808, 0.04396965681620795, 0.025412737929866036, 0.005666492070321926, 0.003252154826246388, 0.005285556906593105, 0.08974783415855882, 0.006851227182909946, 0.008047250954673351, 0.0]}