{"max_dispatch": {"0": [[[1.1833333333333333], [1.1552815633333333], [1.0552815633333334], [1.0], [1.0], [1.1], [1.2], [1.2], [1.1], [1.0], [0.6052631578947368], [0.4449275789473683], [0.24047584868421043], [0.48246445394736825], [0.47306164473684215], [0.7405116447368422], [1.0], [1.0], [1.1], [1.2], [1.1833333333333333], [1.0833333333333333], [1.1833333333333333], [1.2]]], "1": [[[0.0], [0.0], [0.0], [0.0], [0.0], [0.39473684210526316], [0.0], [0.0], [0.0], [0.0], [0.0], [0.0], [0.0], [0.4276315789473684], [0.8223684210526315], [0.39473684210526316], [0.7894736842105263], [1.0], [0.8341985592105263], [0.6637764671052632], [0.269039625], [0.0], [0.0], [0.0]]], "2": [[[0.0], [0.0], [0.0], [0.0], [0.39473684210526316], [0.7894736842105263], [1.0], [0.6052631578947368], [0.21052631578947367], [0.0], [0.0], [0.0], [0.39473684210526316], [0.7894736842105263], [0.39473684210526316], [0.19975591447368438], [0.5944927565789475], [0.19975591447368438], [0.5944927565789475], [0.9892295986842107], [1.0], [1.0], [1.0], [1.0]]], "3": [[[1.2], [1.2], [1.2], [1.2], [1.1466666666666667], [1.1466666666666667], [1.2], [1.1466666666666667], [0.9197458815789474], [0.492114302631579], [0.26330802631578965], [0.6580448684210528], [1.0], [1.0], [1.0], [1.0], [1.0], [1.0], [1.0], [1.0], [1.042979576], [1.1733333333333333], [1.2], [1.2]]], "4": [[[1.0], [1.0], [1.0], [1.2], [1.2], [1.2], [1.2], [1.2], [1.1140975733333334], [1.1178779300000001], [1.2], [1.1693386633333334], [1.1666666666666667], [1.0], [1.0], [1.0], [1.0], [1.0], [1.0], [1.0], [1.0], [1.0], [1.0], [1.0]]], "5": [[[1.0], [0.6052631578947368], [1.0], [0.8234160263157896], [0.4286791842105265], [0.0339423421052633], [0.36025922368421065], [0.7549960657894739], [0.9098184473684209], [0.5309858486842106], [0.9257226907894738], [1.0], [1.0], [1.0], [1.0], [1.0], [1.0], [1.0], [1.0], [1.0], [1.0], [1.0], [1.0], [1.0]]], "6": [[[1.0], [1.0], [0.7977536315789474], [0.4617468749999999], [0.08657821052631594], [0.0], [0.39473684210526316], [0.5066293223684211], [0.11189248026315786], [0.0], [0.0457490855263159], [0.44048592763157907], [0.2005961381578947], [0.0], [0.0], [0.0], [0.39473684210526316], [0.7894736842105263], [1.0], [1.0], [1.0], [1.0], [1.0], [1.0]]], "7": [[[1.0], [1.0], [1.0], [1.0], [1.0], [0.6052631578947368], [0.43401035526315807], [0.8287471973684212], [0.5433073486842105], [0.35842204605263145], [0.17177110526315806], [0.38766464473684215], [0.4841422039473683], [0.30342691447368403], [0.6981637565789471], [0.30342691447368403], [0.12839244078947362], [0.5231292828947368], [0.917866125], [1.0], [1.0], [1.0], [1.0], [1.0]]], "8": [[[0.47425094078947366], [0.07951409868421049], [0.0], [0.39473684210526316], [0.7894736842105263], [1.0815392074074075], [1.1368781244444444], [1.2], [1.1111111111111112], [0.7039473684210527], [0.21052631578947367], [0.0], [0.39473684210526316], [0.7894736842105263], [0.736889157894737], [0.3421523157894738], [0.736889157894737], [1.0], [1.0], [1.0], [1.0], [1.0], [1.0], [1.0]]], "9": [[[1.1999999999999997], [1.1999999999999997], [1.1999999999999997], [1.1999999999999997], [1.1999999999999997], [1.1999999999999997], [1.1999999999999997], [1.1999999999999997], [1.0], [0.6052631578947368], [0.2534758486842104], [0.0], [0.11368388815789462], [0.5084207302631578], [0.11368388815789462], [0.0], [0.39473684210526316], [0.0], [0.39473684210526316], [0.7894736842105263], [1.0], [1.0], [1.0], [1.0]]], "10": [[[0.5394736842105263], [0.14473684210526316], [0.5394736842105263], [0.9342105263157895], [0.5394736842105263], [0.9342105263157895], [1.0], [1.0], [1.0], [1.0], [1.0], [1.0], [1.0], [1.0], [1.0], [1.0], [1.0], [1.0], [1.0], [1.0], [1.0], [1.0], [1.0], [1.0]]], "11": [[[1.0], [1.0], [1.0], [1.0], [1.0], [0.6052631578947368], [0.21052631578947367], [0.0], [0.0], [0.0], [0.0], [0.0], [0.0], [0.0], [0.0], [0.0], [0.0], [0.39473684210526316], [0.7894736842105263], [0.39473684210526316], [0.0], [0.39473684210526316], [0.7209825592105265], [0.3569040789473683]]], "12": [[[1.0], [1.0], [1.0], [1.0], [1.0], [1.0], [1.0], [0.7579944736842107], [0.3632576315789475], [0.25556165131578945], [0.6502984934210526], [1.0], [1.0], [1.0], [1.0], [1.0], [1.0], [1.0], [1.0], [1.0], [1.0], [1.0], [1.0], [1.0]]], "13": [[[1.1600000000000001], [1.1866666666666668], [1.1066666666666667], [1.0266666666666666], [1.0], [1.08], [1.1600000000000001], [1.1866666666666668], [1.1066666666666667], [0.8834777631578946], [0.3571619736842104], [0.0], [0.0], [0.0], [0.0], [0.39473684210526316], [0.7894736842105263], [1.0], [1.08], [1.1600000000000001], [1.1866666666666668], [1.1866666666666668], [1.2], [1.2]]], "14": [[[1.0], [1.0], [1.0], [1.0], [1.0], [1.0], [1.0], [1.2], [1.0], [1.0], [0.6052631578947368], [0.21052631578947367], [0.0], [0.3605566907894737], [0.7552935328947369], [1.0], [1.0], [1.0], [1.1555555555555557], [1.0], [1.0], [1.2], [1.2], [1.0]]], "15": [[[0.6052631578947368], [0.21052631578947367], [0.20809190131578958], [0.35183966447368414], [0.7465765065789473], [1.0], [1.0], [0.8608880986842105], [0.46615125657894724], [0.0714144144736841], [0.0], [0.39473684210526316], [0.7894736842105263], [0.39473684210526316], [0.0], [0.39473684210526316], [0.7018905789473684], [1.0], [1.0], [1.0], [0.8049599078947368], [0.41022306578947365], [0.31805144078947367], [0.0]]], "16": [[[1.0], [1.0], [1.0], [1.0], [1.0], [1.0888888888888888], [1.1777777777777778], [1.2], [1.1111111111111112], [1.01895348], [1.0], [1.0], [1.0], [0.6052631578947368], [0.21052631578947367], [0.0], [0.0], [0.0], [0.0], [0.0], [0.0], [0.0], [0.0], [0.0]]], "17": [[[0.6438058618421053], [0.2490690197368422], [0.0], [0.18593505263157906], [0.5806718947368422], [0.9754087368421054], [1.0], [1.0], [0.6052631578947368], [0.21052631578947367], [0.0], [0.0], [0.39473684210526316], [0.7894736842105263], [1.0], [1.0], [1.0], [1.0], [1.0], [1.0], [1.0], [1.0], [1.0], [1.0]]], "18": [[[1.0], [1.0], [1.0], [1.0], [1.0], [1.0], [1.2], [1.0], [0.6052631578947368], [0.21052631578947367], [0.0], [0.0], [0.0], [0.0], [0.0], [0.39473684210526316], [0.7894736842105263], [0.6692195], [1.0], [1.0], [1.0], [1.0], [0.6052631578947368], [0.21052631578947367]]], "19": [[[0.5254386315789473], [0.13070178947368416], [0.0], [0.39473684210526316], [0.7894736842105263], [0.39473684210526316], [0.7894736842105263], [0.6473855986842104], [0.25264875657894725], [0.0], [0.0], [0.0], [0.0], [0.0], [0.0], [0.0], [0.0], [0.39473684210526316], [0.7894736842105263], [1.0], [1.0], [0.6052631578947368], [0.21052631578947367], [0.5708066710526315]]]}, "min_dispatch": {"0": [[[1.0], [1.0], [1.0], [1.0], [1.0], [1.0], [1.0], [1.0], [1.0], [1.0], [0.6052631578947368], [0.21052631578947367], [0.0], [0.0], [0.0], [0.0], [0.0], [0.0], [0.0], [0.39473684210526316], [0.7894736842105263], [0.7665245394736843], [0.7017283881578947], [0.3069915460526315]]], "1": [[[0.0], [0.0], [0.0], [0.0], [0.0], [0.0], [0.0], [0.0], [0.0], [0.0], [0.0], [0.0], [0.0], [0.0], [0.0], [0.0], [0.0], [0.0], [0.0], [0.0], [0.0], [0.0], [9.395394736830703e-05], [0.0]]], "2": [[[0.0], [0.0], [0.0], [0.0], [0.0], [0.0], [0.0], [0.0], [0.0], [0.0], [0.0], [0.0], [0.0], [0.0], [0.0], [0.0], [0.0], [0.0], [0.0], [0.11923131578947359], [0.41581244736842093], [0.8105492894736841], [0.9390890065789474], [0.8006985065789473]]], "3": [[[1.0], [1.0], [1.0], [1.0], [1.0], [1.0], [1.0], [0.6052631578947368], [0.21052631578947367], [0.0], [0.0], [0.2134443881578949], [0.18461307894736853], [0.5793499210526317], [0.9740867631578949], [1.0], [1.0], [1.0], [1.0], [1.0], [0.6321558881578947], [0.41581709868421063], [0.02108025657894748], [0.3977591315789473]]], "4": [[[1.0], [1.0], [1.0], [1.0], [1.0], [1.1142857142857143], [1.0499548095238096], [1.0], [1.0], [0.6052631578947368], [0.40999544078947353], [0.8047322828947368], [0.7158508092105264], [1.0], [1.0], [0.6052631578947368], [0.38536669736842105], [0.0], [0.39473684210526316], [0.7894736842105263], [1.0], [1.0], [0.6052631578947368], [0.21052631578947367]]],