{"xm_inputs": [0.15, 2.525, 20.0, 10.0, 500.0], "xstd_inputs": [6.459682654743962, 1.4489220130842104, 0.0, 0.0, 0.0], "xmin": [-2.3453164512460853, -1.0525066126601583, NaN, NaN, NaN], "xmax": [2.29887454132042, 1.7081664697271424, NaN, NaN, NaN], "y_mean": NaN, "y_std": NaN}