{"xm_inputs": [51.845779347577526, 82.72727272727273, 12.487373737373737, 752.5252525252525], "xstd_inputs": [10.250207169399582, 42.99120609674603, 2.4999681152950903, 249.98724587403237], "xmin": [-1.085713458749542, -1.5753750330907546, -0.9949621845797555, -1.010152544552209], "xmax": [1.8410566546936666, 1.5648020462914876, 1.0050633235094995, 0.9899494936611648], "y_mean": 98201680.76392639, "y_std": 7891476.474628905}