{"xm_inputs": [27.44736842105263, 0.24157894736842087, 12.5, 752.6315789473684], "xstd_inputs": [8.564607000603832, 0.14144975518182146, 2.5, 249.9861492007982], "xmin": [-1.4533496306573146, -1.354395750789124, -1.0, -1.010582305279823], "xmax": [1.4656401137918376, 1.8269459165864312, 1.0, 0.98952850725316], "y_mean": 75946351.47546041, "y_std": 7372696.665777691}